"ResponseID","ResponseSet","StartDate","EndDate","Finished","Status","Q1","Q3","Q4","Q5_1","Q5_2","Q5_3","Q5_4","Q6_1","Q6_2","Q6_3","Q6_4","Q6_5","Q6_6","Q6_7","Q6_8","Q6_9","Q6_9_TEXT","Q7_1","Q7_2","Q7_3","Q7_4","Q7_5","Q7_6","Q7_7","Q7_8","Q7_9","Q7_9_TEXT","Q8_1","Q8_2","Q8_3","Q8_4","Q8_5","Q8_6","Q8_7","Q8_8","Q8_9","Q8_9_TEXT","Q9_1","Q9_2","Q9_3","Q9_4","Q9_5","Q9_6","Q9_7","Q9_8","Q9_9","Q9_10","Q9_10_TEXT","Q10_1","Q10_2","Q10_3","Q10_4","Q11_1","Q11_2","Q11_3","Q11_4","Q11_5","Q11_6","Q11_7","Q11_8","Q11_9","Q11_9_TEXT","Q12_1","Q12_2","Q12_3","Q12_4","Q12_5","Q12_6","Q12_7","Q12_8","Q12_9","Q12_9_TEXT","Q13_1","Q13_2","Q13_3","Q13_4","Q13_5","Q13_6","Q13_7","Q13_8","Q13_9","Q13_9_TEXT","Q14","Q14_TEXT","Q15_1","Q15_2","Q15_3","Q15_4","Q15_5","Q15_6","Q15_7","Q15_8","Q15_9","Q15_10","Q15_10_TEXT","Q16_1","Q16_2","Q16_3","Q16_4","Q16_5","Q16_6","Q16_7","Q16_8","Q16_9","Q16_10","Q16_10_TEXT","Q17","Q18","Q19","Q20"
"R_2zuO1pvXyk3d4bo","Default Response Set",2019-02-11 16:17:55,2019-02-11 16:23:59,1,1,1,3,4,"Studied in a few papers","Studied in about half of papers","Studied in most papers","Studied in about half of papers","Mammalia (excluding Human)",NA,NA,NA,NA,NA,NA,NA,NA,NA,NA,NA,NA,NA,NA,NA,NA,"Encounter (e.g capture mark recapture, banding, direct observation)",NA,"ddd aa sdfkjn  and then i went to school and then I decided to come home",NA,NA,NA,NA,"SAS",NA,NA,NA,NA,NA,NA,NA,NA,NA,"Multivariate exploratory methods",NA,NA,NA,NA,NA,NA,"Less studied","Less studied",NA,NA,NA,NA,NA,"GPS",NA,NA,NA,NA,NA,NA,NA,NA,NA,NA,NA,NA,NA,NA,NA,NA,NA,NA,NA,NA,NA,NA,NA,NA,NA,NA,"NA",NA,NA,NA,NA,NA,NA,NA,NA,NA,NA,NA,NA,NA,NA,NA,NA,NA,NA,NA,NA,NA,NA,NA,NA,NA,NA,NA
"R_XtR5nMmbkS6cdqx","Default Response Set",2019-02-11 16:36:07,2019-02-11 16:40:24,1,1,1,1,2,"Studied in a few papers","Studied in about half of papers","Studied in about half of papers","Studied in most papers","Mammalia (excluding Human)","Aves",NA,NA,NA,NA,NA,NA,"Other (describe)","Dolphins","Light Loggers (e.g. GLS)",NA,"Radio tags (VHF or UHF based)",NA,NA,NA,NA,NA,NA,NA,"R","Python",NA,NA,NA,NA,NA,NA,NA,NA,NA,"Test statistics and p-values",NA,NA,NA,NA,NA,NA,NA,"Other (describe)","your mom","Less studied","Less studied","Equally studied",NA,"Light Loggers (e.g. GLS)",NA,NA,NA,NA,NA,NA,NA,NA,NA,NA,NA,NA,"GPS",NA,"Acoustic telemetry",NA,NA,NA,NA,"R","Python",NA,NA,NA,NA,NA,NA,NA,NA,"R",NA,"Net squared displacement",NA,NA,NA,NA,NA,NA,NA,NA,NA,NA,NA,"Test statistics and p-values",NA,NA,NA,NA,NA,NA,NA,NA,NA,NA,NA,NA,NA
"R_3ixSCRQ2GUYXzNm","Default Response Set",2019-02-11 16:48:04,2019-02-11 16:54:14,1,1,1,3,4,NA,NA,NA,NA,NA,NA,NA,NA,NA,NA,NA,NA,NA,NA,NA,NA,NA,NA,NA,NA,NA,NA,NA,NA,NA,NA,NA,NA,NA,NA,NA,NA,NA,NA,NA,NA,NA,NA,NA,NA,NA,NA,NA,NA,NA,NA,NA,NA,NA,NA,NA,NA,NA,NA,NA,NA,NA,NA,NA,NA,NA,NA,NA,NA,NA,NA,NA,NA,NA,NA,NA,NA,NA,NA,NA,NA,NA,NA,NA,"NA",NA,NA,NA,NA,NA,NA,NA,NA,NA,NA,NA,NA,NA,NA,NA,NA,NA,NA,NA,NA,NA,NA,NA,NA,NA,NA,NA
"R_1o6yTStFWNCzwuK","Default Response Set",2019-02-11 17:21:41,2019-02-11 17:22:10,1,1,1,NA,NA,NA,NA,NA,NA,NA,NA,NA,NA,NA,NA,NA,NA,NA,NA,NA,NA,NA,NA,NA,NA,NA,NA,NA,NA,NA,NA,NA,NA,NA,NA,NA,NA,NA,NA,NA,NA,NA,NA,NA,NA,NA,NA,NA,NA,NA,NA,NA,NA,NA,NA,NA,NA,NA,NA,NA,NA,NA,NA,NA,NA,NA,NA,NA,NA,NA,NA,NA,NA,NA,NA,NA,NA,NA,NA,NA,NA,NA,NA,NA,"NA",NA,NA,NA,NA,NA,NA,NA,NA,NA,NA,NA,NA,NA,NA,NA,NA,NA,NA,NA,NA,NA,NA,NA,NA,NA,NA,NA
"R_2zkIZTYooUU5dD3","Default Response Set",2019-02-11 17:24:47,2019-02-11 17:27:45,1,0,1,NA,NA,NA,NA,NA,NA,NA,NA,NA,NA,NA,NA,NA,NA,NA,NA,NA,NA,NA,NA,NA,NA,NA,NA,NA,NA,NA,NA,NA,NA,NA,NA,NA,NA,NA,NA,NA,NA,NA,NA,NA,NA,NA,NA,NA,NA,NA,"Less studied","Less studied",NA,NA,NA,NA,NA,NA,NA,NA,NA,NA,NA,NA,NA,"Satellite Tags (e.g. ARGOS, PSAT, PTT, etc.)","Radio tags (VHF or UHF based)","GPS",NA,NA,NA,NA,NA,NA,NA,NA,NA,NA,NA,NA,NA,NA,NA,NA,"NA",NA,NA,NA,NA,NA,NA,NA,NA,NA,NA,NA,NA,NA,NA,NA,NA,NA,NA,NA,NA,NA,NA,NA,NA,NA,NA,NA
"R_1j70Qf2GxvZyuMs","Default Response Set",2019-02-11 17:27:19,2019-02-11 17:30:44,1,0,1,NA,NA,NA,NA,NA,NA,NA,NA,NA,NA,NA,NA,NA,NA,NA,NA,NA,NA,NA,NA,NA,NA,NA,NA,NA,NA,NA,NA,NA,NA,NA,NA,NA,NA,NA,NA,NA,NA,NA,NA,NA,NA,NA,NA,NA,NA,NA,NA,NA,NA,NA,NA,NA,NA,NA,NA,NA,NA,NA,NA,NA,NA,NA,NA,NA,NA,NA,NA,NA,NA,NA,NA,NA,NA,NA,NA,NA,NA,NA,NA,NA,"NA",NA,NA,NA,NA,NA,NA,NA,NA,NA,NA,NA,NA,NA,NA,NA,NA,NA,NA,NA,NA,NA,NA,NA,NA,NA,NA,NA
"R_1M6xn4sPkl7VfRJ","Default Response Set",2019-02-12 16:32:48,2019-02-12 16:42:26,1,0,1,6,6,"Studied in a few papers","Studied in a few papers","Studied in a few papers","Studied in most papers","Mammalia (excluding Human)",NA,NA,NA,NA,NA,NA,NA,NA,NA,NA,"Satellite Tags (e.g. ARGOS, PSAT, PTT, etc.)","Radio tags (VHF or UHF based)","GPS",NA,NA,NA,NA,NA,NA,"R",NA,NA,NA,NA,NA,NA,NA,NA,NA,NA,NA,NA,"GLMs and GAMs",NA,NA,"Step and resource selection functions","State-space and Hidden Markov models",NA,NA,NA,"Equally studied","More Studied","More Studied","More Studied",NA,NA,NA,"GPS","Images (Video and static)",NA,"Accelerometer",NA,NA,NA,NA,NA,NA,NA,NA,NA,NA,NA,"Other (describe)","None","R",NA,NA,NA,NA,NA,"Relational databases (RDBMs)",NA,NA,NA,"Other (describe)","Not sure",NA,NA,NA,"GLMs and GAMs",NA,NA,"Step and resource selection functions","State-space and Hidden Markov models",NA,NA,NA,NA,"Test statistics and p-values",NA,NA,NA,NA,NA,NA,NA,NA,NA,"1) Smaller and longer-lasting tags 2) Higher spatio-temporal resolution of GPS tracking 3) Remote sensing at finer resolutions","1) Track smaller species 2) Address very fine-scale habitat selection","Maybe an increase in the combined use of different types of animal-borne devices",NA
"R_0k4dFI07yUOXSCd","Default Response Set",2019-02-13 04:27:13,2019-02-13 04:31:38,1,0,1,5,5,"Studied in a few papers","Studied in a few papers","Studied in about half of papers","Studied in most papers","Mammalia (excluding Human)","Aves",NA,NA,NA,NA,NA,"Chondrichthyes (Sharks and Rays)",NA,NA,"Light Loggers (e.g. GLS)","Satellite Tags (e.g. ARGOS, PSAT, PTT, etc.)",NA,"GPS",NA,NA,NA,NA,NA,NA,"R",NA,NA,NA,NA,NA,NA,NA,NA,NA,NA,NA,NA,"GLMs and GAMs",NA,NA,"Step and resource selection functions","State-space and Hidden Markov models",NA,NA,NA,"More Studied","Equally studied","Equally studied","Equally studied",NA,NA,NA,"GPS",NA,"Acoustic telemetry","Accelerometer",NA,NA,NA,"Light Loggers (e.g. GLS)",NA,"Radio tags (VHF or UHF based)",NA,NA,NA,NA,"Encounter (e.g capture mark recapture, banding, direct observation)",NA,NA,"R",NA,NA,NA,NA,NA,NA,NA,NA,NA,"Matlab",NA,NA,NA,NA,NA,NA,NA,"Step and resource selection functions","State-space and Hidden Markov models","Spatial point processes",NA,NA,"Net squared displacement","Test statistics and p-values",NA,NA,"Multivariate exploratory methods",NA,NA,NA,NA,NA,NA,NA,NA,NA,NA
"R_doFxcddPkUQPP1L","Default Response Set",2019-02-11 17:05:16,2019-02-17 21:16:39,1,0,1,NA,NA,NA,NA,NA,NA,NA,NA,NA,NA,NA,NA,NA,NA,NA,NA,NA,NA,NA,NA,NA,NA,NA,NA,NA,NA,NA,NA,NA,NA,NA,NA,NA,NA,NA,NA,NA,NA,NA,NA,NA,NA,NA,NA,NA,NA,NA,NA,NA,NA,NA,NA,NA,NA,NA,NA,NA,NA,NA,NA,NA,NA,NA,NA,NA,NA,NA,NA,NA,NA,NA,NA,NA,NA,NA,NA,NA,NA,NA,NA,NA,"NA",NA,NA,NA,NA,NA,NA,NA,NA,NA,NA,NA,NA,NA,NA,NA,NA,NA,NA,NA,NA,NA,NA,NA,NA,NA,NA,NA
"R_3rUk9LwaR0MNsGo","Default Response Set",2019-02-11 17:30:56,2019-02-11 17:40:46,0,0,1,NA,NA,NA,NA,NA,NA,NA,NA,NA,NA,NA,NA,NA,NA,NA,NA,NA,NA,NA,NA,NA,NA,NA,NA,NA,NA,NA,NA,NA,NA,NA,NA,NA,NA,NA,NA,NA,NA,NA,NA,NA,NA,NA,NA,NA,NA,NA,NA,NA,NA,NA,NA,NA,NA,NA,NA,NA,NA,NA,NA,NA,NA,NA,NA,NA,NA,NA,NA,NA,NA,NA,NA,NA,NA,NA,NA,NA,NA,NA,NA,NA,"NA",NA,NA,NA,NA,NA,NA,NA,NA,NA,NA,NA,NA,NA,NA,NA,NA,NA,NA,NA,NA,NA,NA,NA,NA,NA,NA,NA
"R_vYPy44Guio49F9n","Default Response Set",2019-02-26 12:22:40,2019-02-26 12:28:29,1,0,1,10,2,"Studied in most papers","Studied in a few papers","Studied in a few papers","Studied in most papers","Mammalia (excluding Human)","Aves",NA,NA,NA,NA,"Osteichthyes (Bony-fish)",NA,NA,NA,NA,NA,NA,"GPS",NA,NA,NA,NA,NA,NA,"R",NA,"ArcGIS",NA,NA,NA,NA,"QGIS",NA,NA,NA,NA,NA,"GLMs and GAMs",NA,NA,"Step and resource selection functions","State-space and Hidden Markov models",NA,NA,NA,NA,NA,NA,NA,"Light Loggers (e.g. GLS)",NA,NA,"GPS",NA,"Acoustic telemetry",NA,NA,NA,NA,NA,"Satellite Tags (e.g. ARGOS, PSAT, PTT, etc.)","Radio tags (VHF or UHF based)",NA,NA,NA,NA,"Encounter (e.g capture mark recapture, banding, direct observation)",NA,NA,"R","Python",NA,NA,NA,NA,NA,"QGIS",NA,NA,"SPSS",NA,NA,NA,NA,NA,NA,"Machine learning",NA,"State-space and Hidden Markov models","Spatial point processes",NA,NA,NA,"Test statistics and p-values",NA,NA,NA,NA,NA,NA,NA,NA,NA,NA,"Full annual cycle and long-distance migration of most bird species","ICARUS, Motus, miniaturized solar tags",1
"R_3qXcvWwpknac2fo","Default Response Set",2019-02-26 12:31:24,2019-02-26 13:13:07,1,0,1,19,19,"Studied in about half of papers","Studied in a few papers","Studied in a few papers","Studied in most papers","Mammalia (excluding Human)","Aves",NA,NA,NA,NA,NA,"Chondrichthyes (Sharks and Rays)",NA,NA,NA,NA,"Radio tags (VHF or UHF based)","GPS",NA,NA,NA,"Encounter (e.g capture mark recapture, banding, direct observation)",NA,NA,"R",NA,"ArcGIS",NA,NA,NA,NA,"QGIS",NA,NA,NA,NA,NA,NA,"Multivariate exploratory methods","Machine learning",NA,"State-space and Hidden Markov models",NA,NA,NA,"Less studied","Equally studied","Equally studied","More Studied","Light Loggers (e.g. GLS)","Satellite Tags (e.g. ARGOS, PSAT, PTT, etc.)",NA,"GPS",NA,NA,NA,NA,NA,NA,NA,NA,NA,NA,"Images (Video and static)",NA,NA,NA,NA,NA,"R","Python",NA,NA,NA,NA,NA,"QGIS",NA,NA,"SPSS",NA,NA,NA,NA,NA,"Multivariate exploratory methods","Machine learning",NA,"State-space and Hidden Markov models",NA,NA,NA,NA,"Test statistics and p-values",NA,NA,NA,NA,NA,NA,"Spatial point processes",NA,NA,"R/computer modeling\Light-level geolocators + Miniaturized GPS\Molecular markers (SNPs/isotope)","Songbirds smaller than 15g (the majority of themâ€¦)\Accurate computer simulations (R/Python\Molecular markers (SNPs)","GPS &lt; 1g\Icarus (Icarus mission to the International Space Station (ISS))",1
"R_x5kgerMeo72fSnL","Default Response Set",2019-02-26 13:25:17,2019-02-26 13:32:46,1,0,1,15,5,"Studied in most papers","Studied in a few papers","Studied in a few papers","Studied in most papers","Mammalia (excluding Human)","Aves",NA,NA,NA,NA,NA,NA,NA,NA,"Light Loggers (e.g. GLS)",NA,NA,"GPS",NA,NA,"Accelerometer",NA,NA,NA,"R","Python","ArcGIS",NA,NA,NA,NA,NA,NA,NA,NA,NA,NA,"GLMs and GAMs",NA,NA,"Step and resource selection functions","State-space and Hidden Markov models",NA,NA,NA,"More Studied","More Studied","More Studied","Equally studied","Light Loggers (e.g. GLS)",NA,NA,"GPS",NA,NA,"Accelerometer",NA,NA,NA,NA,NA,"Radio tags (VHF or UHF based)",NA,NA,NA,NA,"Encounter (e.g capture mark recapture, banding, direct observation)",NA,NA,"R","Python",NA,NA,NA,NA,NA,"QGIS",NA,NA,"Other (describe)","can't select 3: SPSS RDBM Matlab",NA,NA,NA,NA,NA,"Machine learning","Step and resource selection functions","State-space and Hidden Markov models",NA,NA,NA,"Net squared displacement",NA,"Model selection criteria (e.g AIC)",NA,"Multivariate exploratory methods",NA,NA,NA,NA,NA,NA,NA,NA,NA,1
"R_1Na0nhKjl7CmOOu","Default Response Set",2019-02-26 13:52:12,2019-02-26 13:57:25,1,0,1,7,4,"Studied in a few papers","Studied in a few papers","Studied in about half of papers","Studied in most papers","Mammalia (excluding Human)","Aves",NA,NA,NA,NA,NA,"Chondrichthyes (Sharks and Rays)",NA,NA,NA,"Satellite Tags (e.g. ARGOS, PSAT, PTT, etc.)",NA,"GPS",NA,NA,"Accelerometer",NA,NA,NA,"R",NA,NA,NA,NA,NA,NA,NA,NA,NA,NA,NA,NA,NA,NA,NA,"Step and resource selection functions","State-space and Hidden Markov models","Spatial point processes",NA,NA,"More Studied",NA,"Equally studied","Equally studied",NA,NA,NA,NA,NA,NA,"Accelerometer",NA,NA,NA,"Light Loggers (e.g. GLS)",NA,"Radio tags (VHF or UHF based)",NA,NA,NA,NA,NA,NA,NA,"R",NA,NA,NA,NA,NA,NA,NA,NA,NA,"Matlab",NA,NA,NA,NA,NA,NA,"Machine learning",NA,"State-space and Hidden Markov models","Spatial point processes",NA,NA,NA,"Test statistics and p-values",NA,NA,"Multivariate exploratory methods",NA,NA,NA,NA,NA,NA,"Miniaturisation of technology, computer power",NA,NA,1
"R_3RvF4gsnhORFlO5","Default Response Set",2019-02-26 13:42:25,2019-02-26 14:04:04,1,0,1,5,4,"Studied in a few papers","Studied in most papers","Studied in a few papers","Studied in most papers",NA,"Aves",NA,NA,NA,NA,NA,NA,NA,NA,"Light Loggers (e.g. GLS)",NA,"Radio tags (VHF or UHF based)","GPS",NA,NA,NA,NA,NA,NA,"R",NA,NA,NA,NA,NA,NA,NA,NA,NA,NA,"Test statistics and p-values",NA,NA,NA,NA,NA,NA,NA,NA,NA,NA,NA,"More Studied",NA,NA,NA,NA,"GPS",NA,NA,"Accelerometer",NA,NA,NA,NA,NA,"Radio tags (VHF or UHF based)",NA,NA,NA,NA,"Encounter (e.g capture mark recapture, banding, direct observation)",NA,NA,"R",NA,NA,NA,NA,NA,NA,NA,NA,NA,"SPSS",NA,NA,NA,"Model selection criteria (e.g AIC)",NA,NA,NA,"Step and resource selection functions","State-space and Hidden Markov models",NA,NA,NA,"Net squared displacement",NA,NA,NA,"Multivariate exploratory methods",NA,NA,NA,"Spatial point processes",NA,NA,"1. Development and use of statistical methods and reproducible data handling, primarily in R, and as R packages: e.g. move, adeHabitat(HR/LT), sf, ctmm (for AKDE), behavioural state classification methods in Gurarie et al. (2016).","1. Deploy longer-lasting, lighter, yet higher-frequency loggers on many taxa\2. Better handle data and get at mechanisms underlying phenomena","Integration of larger timescales, with more agent-based modelling allowing for evolutionary simulations.",1
"R_zYl7sSPzxPJ6AjT","Default Response Set",2019-02-26 14:06:07,2019-02-26 14:11:28,1,0,1,11,8,"Studied in a few papers","Studied in a few papers","Studied in a few papers","Studied in a few papers",NA,"Aves",NA,NA,NA,NA,NA,NA,NA,NA,NA,"Satellite Tags (e.g. ARGOS, PSAT, PTT, etc.)",NA,"GPS",NA,NA,NA,"Encounter (e.g capture mark recapture, banding, direct observation)",NA,NA,"R",NA,"ArcGIS",NA,NA,NA,NA,NA,NA,NA,NA,"Test statistics and p-values",NA,NA,"Multivariate exploratory methods",NA,NA,NA,NA,NA,NA,"Less studied","Equally studied","Equally studied","More Studied",NA,NA,NA,"GPS",NA,"Acoustic telemetry","Accelerometer",NA,NA,NA,NA,"Satellite Tags (e.g. ARGOS, PSAT, PTT, etc.)","Radio tags (VHF or UHF based)",NA,NA,NA,NA,"Encounter (e.g capture mark recapture, banding, direct observation)",NA,NA,"R",NA,NA,NA,NA,NA,NA,"QGIS",NA,NA,"Matlab",NA,NA,NA,NA,"GLMs and GAMs",NA,"Machine learning",NA,"State-space and Hidden Markov models",NA,NA,NA,"Net squared displacement",NA,NA,NA,NA,NA,NA,NA,"Spatial point processes",NA,NA,"'- device size and price point\- Access to sophisticated bespoke tools (e.g., R)","'- small taxa\- computational models & simulations\- global environmental data (raster/satellite imagery)","'- Icararus\- Digital globes\- climate change",1
"R_XqgG1XvVxSyciKR","Default Response Set",2019-02-27 03:49:14,2019-02-27 03:57:13,1,0,1,11,8,"Studied in most papers","Studied in about half of papers","Studied in most papers","Studied in most papers","Mammalia (excluding Human)",NA,NA,NA,"Homo Sapiens",NA,NA,NA,NA,NA,NA,NA,NA,"GPS",NA,NA,"Accelerometer",NA,NA,NA,"R",NA,NA,NA,NA,NA,NA,NA,NA,NA,NA,NA,NA,"GLMs and GAMs",NA,NA,"Step and resource selection functions","State-space and Hidden Markov models",NA,NA,NA,"Equally studied","Less studied","More Studied","More Studied",NA,NA,NA,NA,NA,"Acoustic telemetry","Accelerometer",NA,NA,NA,NA,NA,"Radio tags (VHF or UHF based)","GPS",NA,NA,NA,NA,NA,NA,"R","Python",NA,NA,NA,NA,NA,NA,NA,NA,"SPSS",NA,NA,NA,"Model selection criteria (e.g AIC)",NA,NA,"Machine learning",NA,"State-space and Hidden Markov models",NA,NA,NA,NA,"Test statistics and p-values",NA,NA,"Multivariate exploratory methods",NA,NA,NA,NA,NA,NA,NA,NA,NA,1
"R_2CQxMyqcaizRibO","Default Response Set",2019-02-27 05:22:45,2019-02-27 05:29:00,1,0,1,12,5,"Studied in most papers","Studied in about half of papers","Studied in a few papers","Studied in a few papers","Mammalia (excluding Human)","Aves",NA,NA,NA,NA,NA,"Chondrichthyes (Sharks and Rays)",NA,NA,NA,"Satellite Tags (e.g. ARGOS, PSAT, PTT, etc.)",NA,"GPS",NA,NA,"Accelerometer",NA,NA,NA,"R",NA,NA,NA,NA,NA,NA,NA,NA,NA,NA,NA,NA,"GLMs and GAMs",NA,NA,"Step and resource selection functions","State-space and Hidden Markov models",NA,NA,NA,"Equally studied",NA,NA,NA,"Light Loggers (e.g. GLS)",NA,NA,NA,"Images (Video and static)","Acoustic telemetry",NA,NA,NA,NA,NA,NA,"Radio tags (VHF or UHF based)",NA,NA,NA,NA,NA,NA,NA,"R",NA,NA,NA,NA,NA,NA,NA,NA,NA,"NA",NA,NA,NA,NA,NA,"Multivariate exploratory methods","Machine learning",NA,NA,NA,"Other (describe)","Visual Analytics",NA,NA,NA,NA,NA,NA,NA,NA,NA,NA,NA,"1. Advances in data collection technologies: smaller tags, diverse new sensors\2. Opening tracking data through portals such as movebank.org",NA,"1. Continuing developments in tracking data collection technologies\2. New low-cost global internet connectivity with new nanosatellite constellations that will allow tracking in the most remote places\3. Other satellite innovations, such as ICARUS initiative (antenna on ISS + smaller tags that will allow tracking of smaller species that are currently too small to carry tags)",1
"R_2cnkoLuLGMFPP7A","Default Response Set",2019-02-27 05:44:56,2019-02-27 05:48:01,1,0,1,10,3,"Studied in most papers","Studied in a few papers","Studied in a few papers","Studied in most papers","Mammalia (excluding Human)","Aves",NA,NA,NA,NA,NA,"Chondrichthyes (Sharks and Rays)",NA,NA,"Light Loggers (e.g. GLS)","Satellite Tags (e.g. ARGOS, PSAT, PTT, etc.)",NA,"GPS",NA,NA,NA,NA,NA,NA,"R",NA,NA,NA,NA,NA,NA,NA,NA,NA,NA,NA,"Model selection criteria (e.g AIC)",NA,NA,NA,"Step and resource selection functions","State-space and Hidden Markov models",NA,NA,NA,"Equally studied","More Studied","More Studied","Equally studied",NA,"Satellite Tags (e.g. ARGOS, PSAT, PTT, etc.)",NA,NA,NA,"Acoustic telemetry","Accelerometer",NA,NA,NA,NA,NA,"Radio tags (VHF or UHF based)",NA,NA,NA,NA,NA,NA,NA,"R",NA,NA,NA,NA,NA,NA,NA,NA,NA,"NA",NA,NA,NA,NA,NA,NA,NA,NA,NA,NA,NA,NA,NA,NA,NA,NA,NA,NA,NA,NA,NA,NA,NA,NA,NA,NA,1
"R_2QR5VbudGUeBcMq","Default Response Set",2019-02-27 05:36:42,2019-02-27 05:48:46,1,0,1,5,5,"Studied in most papers","Studied in a few papers","Studied in about half of papers","Studied in about half of papers","Mammalia (excluding Human)","Aves",NA,NA,NA,NA,NA,"Chondrichthyes (Sharks and Rays)",NA,NA,NA,"Satellite Tags (e.g. ARGOS, PSAT, PTT, etc.)","Radio tags (VHF or UHF based)","GPS",NA,NA,NA,NA,NA,NA,"R",NA,"ArcGIS",NA,NA,NA,NA,"QGIS",NA,NA,"Net squared displacement",NA,NA,NA,NA,NA,"Step and resource selection functions","State-space and Hidden Markov models",NA,NA,NA,"Equally studied","More Studied","More Studied","Equally studied",NA,"Satellite Tags (e.g. ARGOS, PSAT, PTT, etc.)",NA,NA,"Images (Video and static)",NA,"Accelerometer",NA,NA,NA,"Light Loggers (e.g. GLS)",NA,NA,NA,NA,NA,NA,"Encounter (e.g capture mark recapture, banding, direct observation)",NA,NA,"R",NA,"ArcGIS",NA,NA,NA,NA,"QGIS",NA,NA,"SPSS",NA,NA,NA,NA,NA,NA,"Machine learning","Step and resource selection functions","State-space and Hidden Markov models",NA,NA,NA,NA,"Test statistics and p-values",NA,NA,NA,NA,NA,NA,"Spatial point processes",NA,NA,"1. Fastloc-GPS technology, particularly for aquatic animal research\2. Launch of the ICARUS satellite\3. Ongoing miniaturisation of devices","1. Able to tag ever smaller animals\2. Able to use hidden markov modelling techniques that were specifically designed for animal movement data (inc. continuous time and irregular sampling frequencies)\3. Able to collect and transmit more data by improved tag on-board data processing","1. The completion of the ICARUS satellite project and successful links between transmitting tags\2. Continued improvements in tag design - specifically the reduction in size of batteries, development of more reliable speed sensors and continued improvement to data storage processing.\3. Development of mathematical models to underpin the processes we observe e.g. mathematical models of SSFs and RSFs",1
"R_3lLXP4VvVQOavuc","Default Response Set",2019-02-27 06:22:45,2019-02-27 06:37:07,1,0,1,5,5,"Studied in most papers","Studied in a few papers","Studied in about half of papers","Studied in most papers","Mammalia (excluding Human)","Aves",NA,NA,NA,NA,NA,"Chondrichthyes (Sharks and Rays)",NA,NA,NA,NA,NA,"GPS",NA,"Acoustic telemetry",NA,"Encounter (e.g capture mark recapture, banding, direct observation)",NA,NA,"R","Python","ArcGIS",NA,NA,NA,NA,NA,NA,NA,NA,"Test statistics and p-values","Model selection criteria (e.g AIC)",NA,NA,NA,NA,"State-space and Hidden Markov models",NA,NA,NA,"Equally studied","Equally studied","More Studied","More Studied",NA,NA,NA,"GPS",NA,"Acoustic telemetry","Accelerometer",NA,NA,NA,NA,"Satellite Tags (e.g. ARGOS, PSAT, PTT, etc.)",NA,NA,NA,NA,NA,"Encounter (e.g capture mark recapture, banding, direct observation)",NA,NA,"R","Python",NA,NA,NA,NA,NA,NA,NA,NA,"SPSS",NA,NA,NA,"Model selection criteria (e.g AIC)",NA,NA,"Machine learning",NA,"State-space and Hidden Markov models",NA,NA,NA,"Net squared displacement",NA,NA,NA,"Multivariate exploratory methods",NA,"Step and resource selection functions",NA,NA,NA,NA,"Miniaturisation of technology has broadly opened the field wide variety of species.","Smaller and more mobile animals, heavier statistical methods (such as ML).","The ability to undertake wider positional data in underwater environments.",1
"R_3HYYu3eeiCtfZl4","Default Response Set",2019-02-27 06:56:19,2019-02-27 07:00:55,1,0,1,3,3,"Studied in most papers","Studied in about half of papers","Studied in a few papers","Studied in most papers","Mammalia (excluding Human)","Aves",NA,NA,NA,NA,NA,NA,NA,NA,NA,"Satellite Tags (e.g. ARGOS, PSAT, PTT, etc.)","Radio tags (VHF or UHF based)","GPS",NA,NA,NA,NA,NA,NA,"R",NA,NA,NA,NA,NA,NA,"QGIS",NA,NA,NA,NA,"Model selection criteria (e.g AIC)","GLMs and GAMs",NA,NA,NA,NA,NA,NA,NA,NA,NA,NA,NA,NA,NA,NA,NA,NA,NA,NA,NA,NA,NA,NA,NA,NA,NA,NA,NA,NA,NA,NA,NA,NA,NA,NA,NA,NA,NA,NA,NA,NA,NA,"NA",NA,NA,NA,NA,NA,NA,NA,NA,NA,NA,NA,NA,NA,NA,NA,NA,NA,NA,NA,NA,NA,NA,NA,NA,"Fine-scale movements of cryptic species, such as snakes or small mammals.",NA,1
"R_QgnAjno2ErDMHcZ","Default Response Set",2019-02-27 10:28:41,2019-02-27 10:35:44,1,0,1,5,5,"I have no idea","Studied in a few papers","Studied in a few papers","Studied in most papers","Mammalia (excluding Human)","Aves",NA,NA,NA,NA,"Osteichthyes (Bony-fish)",NA,NA,NA,NA,"Satellite Tags (e.g. ARGOS, PSAT, PTT, etc.)","Radio tags (VHF or UHF based)","GPS",NA,NA,NA,NA,NA,NA,"R",NA,"ArcGIS",NA,NA,NA,NA,"QGIS",NA,NA,NA,NA,"Model selection criteria (e.g AIC)","GLMs and GAMs",NA,NA,"Step and resource selection functions",NA,NA,NA,NA,NA,"Equally studied","More Studied","Equally studied",NA,NA,NA,"GPS","Images (Video and static)",NA,"Accelerometer",NA,NA,NA,"Light Loggers (e.g. GLS)",NA,"Radio tags (VHF or UHF based)",NA,NA,NA,NA,"Encounter (e.g capture mark recapture, banding, direct observation)",NA,NA,"R","Python",NA,NA,NA,NA,NA,"QGIS",NA,NA,"SPSS",NA,NA,NA,NA,NA,NA,"Machine learning","Step and resource selection functions","State-space and Hidden Markov models",NA,NA,NA,"Net squared displacement","Test statistics and p-values",NA,NA,NA,NA,NA,NA,"Spatial point processes",NA,NA,"Affordable tracking technology with better battery life.","Physiological measures incorporated into tracking technology",NA,1
"R_1EgPIqXZdlelQSs","Default Response Set",2019-02-27 13:06:11,2019-02-27 13:19:31,1,0,1,12,5,NA,NA,NA,"Studied in most papers","Mammalia (excluding Human)","Aves",NA,NA,NA,NA,NA,"Chondrichthyes (Sharks and Rays)",NA,NA,NA,NA,"Radio tags (VHF or UHF based)","GPS",NA,NA,NA,"Encounter (e.g capture mark recapture, banding, direct observation)",NA,NA,"R","Python",NA,"Matlab",NA,NA,NA,NA,NA,NA,NA,NA,NA,"GLMs and GAMs",NA,NA,"Step and resource selection functions","State-space and Hidden Markov models",NA,NA,NA,"Equally studied","More Studied","More Studied","More Studied","Light Loggers (e.g. GLS)","Satellite Tags (e.g. ARGOS, PSAT, PTT, etc.)",NA,NA,NA,NA,"Accelerometer",NA,NA,NA,NA,NA,"Radio tags (VHF or UHF based)",NA,NA,NA,NA,"Encounter (e.g capture mark recapture, banding, direct observation)",NA,NA,"R","Python",NA,NA,NA,NA,NA,NA,NA,NA,"Matlab",NA,NA,NA,NA,"GLMs and GAMs",NA,"Machine learning",NA,"State-space and Hidden Markov models",NA,NA,NA,"Net squared displacement","Test statistics and p-values",NA,NA,"Multivariate exploratory methods",NA,NA,NA,NA,NA,NA,"Technology for lightweight equipment\Battery capacity\Statistical Models for movement analysis\Affordability of equipment\accelerometer","Monitoring small species\Monitoring many individuals \Analyzing big data","More advance in 3D monitoring with accelerometers and magnetometers\Instant movement analysis once you receive the data you get very fast movement statistics\More reliable tracking equipment and less invasive",1
"R_27qx22F61W9m2vf","Default Response Set",2019-02-27 13:02:25,2019-02-27 13:25:52,1,0,1,16,16,"Studied in most papers","Studied in a few papers","Studied in a few papers","Studied in a few papers","Mammalia (excluding Human)","Aves",NA,NA,NA,NA,"Osteichthyes (Bony-fish)",NA,NA,NA,"Light Loggers (e.g. GLS)","Satellite Tags (e.g. ARGOS, PSAT, PTT, etc.)",NA,"GPS",NA,NA,NA,NA,NA,NA,"R",NA,NA,NA,NA,NA,NA,NA,NA,NA,NA,NA,NA,NA,NA,NA,NA,"State-space and Hidden Markov models","Spatial point processes","Other (describe)","speed threshold (most of the literature on VMS data)","More Studied",NA,NA,"More Studied",NA,NA,NA,"GPS","Images (Video and static)",NA,"Accelerometer",NA,NA,NA,NA,"Satellite Tags (e.g. ARGOS, PSAT, PTT, etc.)","Radio tags (VHF or UHF based)",NA,NA,NA,NA,NA,NA,NA,"R",NA,NA,NA,NA,NA,NA,NA,NA,NA,"NA",NA,NA,NA,NA,NA,NA,"Machine learning",NA,"State-space and Hidden Markov models",NA,NA,NA,"Net squared displacement",NA,NA,NA,NA,NA,NA,NA,NA,NA,NA,"technology, loggers, miniaturization and autonomy","Accelerometry","Space-based radio telemetry systems",1
"R_USeyl92De6YOuel","Default Response Set",2019-02-26 14:34:39,2019-02-27 14:22:41,1,0,1,12,9,"Studied in a few papers","Studied in about half of papers","Studied in a few papers","Studied in most papers",NA,"Aves",NA,NA,NA,NA,"Osteichthyes (Bony-fish)",NA,NA,NA,NA,NA,NA,"GPS",NA,NA,NA,NA,NA,NA,"R",NA,NA,NA,NA,NA,NA,NA,NA,NA,NA,NA,NA,"GLMs and GAMs","Multivariate exploratory methods",NA,"Step and resource selection functions",NA,NA,NA,NA,NA,"More Studied","More Studied","Equally studied",NA,NA,NA,"GPS",NA,"Acoustic telemetry","Accelerometer",NA,NA,NA,NA,NA,"Radio tags (VHF or UHF based)",NA,NA,NA,NA,"Encounter (e.g capture mark recapture, banding, direct observation)",NA,NA,"R",NA,NA,NA,NA,NA,"Relational databases (RDBMs)","QGIS",NA,NA,"Matlab",NA,NA,NA,NA,NA,NA,"Machine learning","Step and resource selection functions","State-space and Hidden Markov models",NA,NA,NA,NA,"Test statistics and p-values",NA,NA,NA,NA,NA,NA,NA,NA,NA,NA,NA,NA,1
"R_2EcV7aHcdZhzmKH","Default Response Set",2019-02-27 14:32:28,2019-02-27 14:42:24,1,0,1,7,5,"I have no idea","Studied in about half of papers","Studied in a few papers","Studied in most papers",NA,"Aves",NA,NA,NA,NA,NA,NA,NA,NA,NA,NA,NA,"GPS",NA,NA,NA,NA,NA,NA,"R",NA,NA,NA,NA,NA,NA,NA,NA,NA,NA,NA,"Model selection criteria (e.g AIC)",NA,NA,NA,NA,NA,NA,NA,NA,"More Studied","More Studied","More Studied","More Studied",NA,NA,NA,NA,"Images (Video and static)","Acoustic telemetry","Accelerometer",NA,NA,NA,NA,"Satellite Tags (e.g. ARGOS, PSAT, PTT, etc.)","Radio tags (VHF or UHF based)",NA,NA,NA,NA,NA,NA,NA,"R",NA,"ArcGIS",NA,NA,NA,NA,"QGIS",NA,NA,"Matlab",NA,NA,NA,NA,NA,NA,"Machine learning","Step and resource selection functions","State-space and Hidden Markov models",NA,NA,NA,NA,"Test statistics and p-values",NA,NA,NA,NA,NA,NA,NA,NA,NA,"Miniaturization of GPS\Capacities of computar\Advances un R code developing","Small animals\Tracks with short period between fixes\behaviours by ACC","Cheaper devices\Miniaturization of devices\New tecnholgies",1
"R_2CJxfPbkf8PLRFu","Default Response Set",2019-02-27 14:56:02,2019-02-27 15:00:18,1,0,1,6,3,"Studied in most papers","Studied in a few papers","Studied in about half of papers","Studied in about half of papers","Mammalia (excluding Human)",NA,NA,NA,NA,NA,NA,NA,NA,NA,NA,"Satellite Tags (e.g. ARGOS, PSAT, PTT, etc.)",NA,"GPS",NA,NA,NA,NA,NA,NA,"R",NA,NA,NA,NA,NA,NA,NA,NA,NA,NA,NA,"Model selection criteria (e.g AIC)","GLMs and GAMs",NA,NA,"Step and resource selection functions",NA,NA,NA,NA,"More Studied","Less studied","More Studied","More Studied","Light Loggers (e.g. GLS)",NA,NA,NA,NA,NA,"Accelerometer","Encounter (e.g capture mark recapture, banding, direct observation)",NA,NA,NA,NA,"Radio tags (VHF or UHF based)",NA,NA,NA,NA,NA,NA,NA,"R",NA,NA,NA,NA,NA,NA,"QGIS",NA,NA,"ArcGIS",NA,NA,NA,NA,NA,NA,"Machine learning",NA,"State-space and Hidden Markov models","Spatial point processes",NA,NA,NA,"Test statistics and p-values",NA,NA,"Multivariate exploratory methods",NA,NA,NA,NA,NA,NA,NA,NA,NA,1
"R_3GjGGnq4qAtdTs1","Default Response Set",2019-02-27 15:07:11,2019-02-27 15:17:48,1,0,1,3,3,"Studied in most papers","Studied in about half of papers","Studied in a few papers","Studied in about half of papers","Mammalia (excluding Human)","Aves",NA,NA,NA,"Amphibia",NA,NA,NA,NA,NA,"Satellite Tags (e.g. ARGOS, PSAT, PTT, etc.)",NA,"GPS",NA,NA,NA,"Encounter (e.g capture mark recapture, banding, direct observation)",NA,NA,"R",NA,NA,"Matlab",NA,NA,NA,"QGIS",NA,NA,NA,"Test statistics and p-values","Model selection criteria (e.g AIC)","GLMs and GAMs",NA,NA,NA,NA,NA,NA,NA,"More Studied","More Studied","Equally studied","Equally studied",NA,NA,NA,NA,"Images (Video and static)","Acoustic telemetry","Accelerometer",NA,NA,NA,"Light Loggers (e.g. GLS)",NA,"Radio tags (VHF or UHF based)",NA,NA,NA,NA,NA,NA,NA,"R",NA,"ArcGIS","Matlab",NA,NA,NA,NA,NA,NA,"SAS",NA,NA,NA,NA,"GLMs and GAMs",NA,"Machine learning",NA,"State-space and Hidden Markov models",NA,NA,NA,NA,NA,NA,NA,"Multivariate exploratory methods",NA,NA,NA,NA,NA,NA,"The increase of smaller devices and technologies\Increase of studies and so of animals studied",NA,"Increase of use and development of method using machine learning",1
"R_wNWXUWnMU4YWtmF","Default Response Set",2019-02-27 15:25:57,2019-02-27 15:31:18,1,0,1,10,1,"Studied in most papers","Studied in about half of papers","Studied in about half of papers","Studied in about half of papers","Mammalia (excluding Human)","Aves",NA,NA,NA,NA,NA,NA,NA,NA,NA,NA,NA,NA,NA,NA,NA,"Encounter (e.g capture mark recapture, banding, direct observation)",NA,NA,"R",NA,NA,NA,NA,NA,NA,NA,NA,NA,NA,"Test statistics and p-values",NA,NA,NA,NA,"Step and resource selection functions",NA,NA,NA,NA,NA,NA,NA,NA,NA,NA,NA,NA,NA,NA,NA,NA,NA,NA,NA,NA,NA,NA,NA,NA,NA,NA,NA,NA,NA,NA,NA,NA,NA,NA,NA,NA,NA,NA,"NA",NA,NA,NA,NA,NA,NA,NA,NA,NA,NA,NA,NA,NA,NA,NA,NA,NA,NA,NA,NA,NA,NA,NA,"technology\statistics",NA,"integration of different components",1
"R_31mzXn7pLHksNVX","Default Response Set",2019-02-27 18:36:15,2019-02-27 18:43:47,1,0,1,15,5,"Studied in about half of papers","Studied in a few papers","Studied in most papers","Studied in most papers","Mammalia (excluding Human)","Aves",NA,NA,NA,NA,NA,"Chondrichthyes (Sharks and Rays)",NA,NA,NA,"Satellite Tags (e.g. ARGOS, PSAT, PTT, etc.)",NA,NA,NA,"Acoustic telemetry",NA,"Encounter (e.g capture mark recapture, banding, direct observation)",NA,NA,"R",NA,NA,NA,NA,NA,NA,NA,NA,NA,NA,NA,NA,NA,NA,NA,NA,"State-space and Hidden Markov models","Spatial point processes",NA,NA,"Equally studied","Less studied","More Studied","More Studied",NA,"Satellite Tags (e.g. ARGOS, PSAT, PTT, etc.)",NA,NA,NA,"Acoustic telemetry","Accelerometer",NA,NA,NA,NA,NA,NA,NA,"Images (Video and static)",NA,NA,"Encounter (e.g capture mark recapture, banding, direct observation)",NA,NA,NA,"Python",NA,NA,NA,NA,NA,"QGIS",NA,NA,"Matlab",NA,NA,NA,NA,NA,NA,"Machine learning",NA,"State-space and Hidden Markov models",NA,NA,NA,"Net squared displacement","Test statistics and p-values",NA,NA,NA,NA,NA,NA,NA,NA,NA,NA,NA,"miniaturization of data logger &lt; 1cm\battery with life time &gt; 10 years",1
"R_2QDKRMwN8P45EzL","Default Response Set",2019-02-27 21:09:35,2019-02-27 21:14:04,1,0,1,4,1,"Studied in most papers","Studied in a few papers","Studied in a few papers","Studied in most papers","Mammalia (excluding Human)","Aves",NA,NA,NA,NA,NA,NA,NA,NA,NA,NA,"Radio tags (VHF or UHF based)","GPS",NA,NA,NA,NA,NA,NA,"R","Python","ArcGIS",NA,NA,NA,NA,NA,NA,NA,NA,NA,NA,NA,NA,NA,NA,NA,NA,NA,NA,"Equally studied","More Studied","More Studied","Equally studied",NA,"Satellite Tags (e.g. ARGOS, PSAT, PTT, etc.)",NA,NA,NA,NA,"Accelerometer",NA,NA,NA,NA,NA,"Radio tags (VHF or UHF based)",NA,NA,NA,NA,NA,NA,NA,"R","Python",NA,NA,NA,NA,NA,NA,NA,NA,"SAS",NA,NA,NA,NA,NA,NA,"Machine learning","Step and resource selection functions","State-space and Hidden Markov models",NA,NA,NA,NA,"Test statistics and p-values",NA,"GLMs and GAMs","Multivariate exploratory methods",NA,NA,NA,NA,NA,NA,"Wealth of data and emerging technologies","Icarus!? Analysis across taxa at scale","Taxonomy of movement patterns & data mining",1
"R_271GhBDEnkxfffd","Default Response Set",2019-02-27 13:37:33,2019-02-28 04:07:16,1,0,1,4,3,"Studied in most papers","Studied in a few papers","Studied in a few papers","Studied in most papers",NA,"Aves",NA,NA,NA,NA,NA,"Chondrichthyes (Sharks and Rays)",NA,NA,"Light Loggers (e.g. GLS)","Satellite Tags (e.g. ARGOS, PSAT, PTT, etc.)",NA,"GPS",NA,NA,NA,NA,NA,NA,"R",NA,"ArcGIS",NA,NA,NA,NA,NA,NA,NA,NA,NA,"Model selection criteria (e.g AIC)","GLMs and GAMs",NA,NA,NA,"State-space and Hidden Markov models",NA,NA,NA,NA,NA,NA,NA,NA,"Satellite Tags (e.g. ARGOS, PSAT, PTT, etc.)",NA,"GPS",NA,NA,"Accelerometer",NA,NA,NA,NA,NA,"Radio tags (VHF or UHF based)",NA,NA,"Acoustic telemetry",NA,"Encounter (e.g capture mark recapture, banding, direct observation)",NA,NA,"R",NA,NA,NA,NA,NA,NA,NA,NA,NA,"Matlab",NA,NA,NA,"Model selection criteria (e.g AIC)",NA,NA,"Machine learning",NA,"State-space and Hidden Markov models",NA,NA,NA,"Net squared displacement","Test statistics and p-values",NA,NA,NA,NA,NA,NA,NA,NA,NA,NA,NA,NA,1
"R_1TAWUWBFXCaWfQZ","Default Response Set",2019-02-28 04:37:52,2019-02-28 04:44:45,1,0,1,11,11,"Studied in most papers","Studied in a few papers","Studied in a few papers","Studied in most papers","Mammalia (excluding Human)","Aves",NA,NA,"Homo Sapiens",NA,NA,NA,NA,NA,NA,NA,"Radio tags (VHF or UHF based)","GPS",NA,NA,NA,"Encounter (e.g capture mark recapture, banding, direct observation)",NA,NA,"R",NA,NA,NA,NA,NA,NA,"QGIS",NA,NA,NA,NA,NA,"GLMs and GAMs",NA,NA,NA,"State-space and Hidden Markov models","Spatial point processes",NA,NA,"Equally studied","More Studied","More Studied","Equally studied","Light Loggers (e.g. GLS)","Satellite Tags (e.g. ARGOS, PSAT, PTT, etc.)",NA,"GPS",NA,NA,NA,NA,NA,NA,NA,NA,"Radio tags (VHF or UHF based)",NA,NA,NA,NA,NA,NA,NA,"R",NA,NA,NA,NA,NA,NA,"QGIS",NA,NA,"ArcGIS",NA,NA,NA,NA,NA,NA,NA,NA,"State-space and Hidden Markov models",NA,NA,NA,NA,"Test statistics and p-values",NA,NA,NA,NA,NA,NA,NA,NA,NA,"Miniaturization and affordability of tracking devices","Possibility to track lighter species with GPS devices","Artificial Intelligence",1
"R_3e5njTrxZ5xHGVz","Default Response Set",2019-02-28 07:42:32,2019-02-28 08:16:30,1,0,1,8,8,"Studied in a few papers","Studied in most papers","Studied in about half of papers","Studied in most papers","Mammalia (excluding Human)","Aves",NA,NA,NA,NA,NA,"Chondrichthyes (Sharks and Rays)",NA,NA,NA,NA,"Radio tags (VHF or UHF based)","GPS",NA,NA,NA,"Encounter (e.g capture mark recapture, banding, direct observation)",NA,NA,"R",NA,"ArcGIS","Matlab",NA,NA,NA,NA,NA,NA,NA,NA,NA,"GLMs and GAMs",NA,NA,"Step and resource selection functions",NA,"Spatial point processes",NA,NA,"Equally studied","More Studied","More Studied","Equally studied",NA,NA,NA,"GPS",NA,NA,"Accelerometer",NA,NA,NA,"Light Loggers (e.g. GLS)",NA,NA,NA,NA,NA,NA,NA,NA,NA,"R","Python",NA,NA,NA,NA,NA,"QGIS",NA,NA,"ArcGIS",NA,NA,NA,NA,NA,NA,NA,"Step and resource selection functions","State-space and Hidden Markov models",NA,NA,NA,NA,NA,NA,NA,NA,NA,NA,NA,NA,"Other (describe)","Descriptive metrics of behaviour","Technology development and cost reduction of devices.\Development of methods that improve data processing","the use of high resolution data (from hours to hz)","the combination of movement data with acceleration and internal sensors",1
"R_3MR0h7nE3WrgG3J","Default Response Set",2019-02-28 15:37:01,2019-02-28 15:44:30,1,0,1,26,20,"Studied in most papers","Studied in a few papers","Studied in a few papers","Studied in about half of papers","Mammalia (excluding Human)","Aves",NA,NA,"Homo Sapiens",NA,NA,NA,NA,NA,NA,NA,NA,NA,NA,NA,NA,"Encounter (e.g capture mark recapture, banding, direct observation)",NA,NA,"R",NA,"ArcGIS",NA,NA,NA,"Relational databases (RDBMs)",NA,NA,NA,NA,NA,NA,"GLMs and GAMs",NA,NA,NA,NA,"Spatial point processes","Other (describe)","MCP and kernel density utilization","Equally studied","More Studied","More Studied","More Studied",NA,NA,NA,"GPS","Images (Video and static)",NA,"Accelerometer",NA,NA,NA,NA,NA,"Radio tags (VHF or UHF based)",NA,NA,"Acoustic telemetry",NA,"Encounter (e.g capture mark recapture, banding, direct observation)",NA,NA,"R","Python",NA,NA,NA,NA,NA,NA,NA,NA,"Matlab",NA,NA,NA,NA,"GLMs and GAMs",NA,"Machine learning",NA,NA,NA,NA,NA,NA,"Test statistics and p-values",NA,NA,NA,NA,NA,NA,NA,NA,NA,"Greater computing power; open resources like R; smaller, lighter tags.","Smaller animals; incorporating fine scale remote sensed data to movement analyses.","Smaller, cheaper tags.",1
"R_3fiTSwQ9arqRb2w","Default Response Set",2019-02-28 16:52:54,2019-02-28 17:29:19,1,0,1,10,6,"Studied in a few papers","Studied in a few papers","Studied in a few papers","Studied in most papers","Mammalia (excluding Human)","Aves",NA,NA,NA,NA,NA,NA,NA,NA,"Light Loggers (e.g. GLS)",NA,"Radio tags (VHF or UHF based)",NA,NA,NA,NA,"Encounter (e.g capture mark recapture, banding, direct observation)",NA,NA,"R",NA,"ArcGIS",NA,NA,NA,NA,NA,NA,NA,NA,"Test statistics and p-values","Model selection criteria (e.g AIC)","GLMs and GAMs",NA,NA,NA,NA,NA,NA,NA,"More Studied","Equally studied","More Studied","Equally studied","Light Loggers (e.g. GLS)",NA,NA,NA,NA,NA,"Accelerometer",NA,"Other (describe)","Radar",NA,NA,NA,NA,NA,NA,NA,NA,"Other (describe)","I think there is more research done with all techniques.","R","Python",NA,"Matlab",NA,NA,NA,NA,NA,NA,"SAS",NA,NA,NA,NA,NA,NA,"Machine learning","Step and resource selection functions","State-space and Hidden Markov models",NA,NA,NA,NA,NA,NA,NA,NA,NA,NA,NA,NA,"Other (describe)","I think use of old.techniques has increased along with growing body of.researchers. Some more advanced techniques are becoming more commonplace","User friendly tools for ecologists to integrate movement data with environmental data.\\Advancement of modelling but also data visualization techniques.\\Radar and citizen science to measure large scale fluxes of bird, bat and insect movement.","Possible to track large numbers of juvenile migrants for studying ontogeny of individuality in movement/migration strategies.\\Engage citizen scientists to collect behavioural data of migrant birds en route through real-time tracking data in a mobile app.\\Track behaviour, fysiology and environment  with accelerometer and other sensors across  wide range of taxa.","Ontogeny research and large-scale navigation experiments.\\Comparative behavioural studies facilitated through initiatives like movebank, open source analysis techniques, google earth engine, ...\\Continued advancement of measuremenet capabilities in every regard.",1
"R_2RVyfW4wir6lka6","Default Response Set",2019-02-28 16:44:07,2019-02-28 17:36:26,1,0,1,9,9,"Studied in a few papers","Studied in a few papers","Studied in a few papers","Studied in most papers","Mammalia (excluding Human)","Aves","Reptilia (excluding Aves)",NA,NA,NA,NA,NA,NA,NA,NA,NA,"Radio tags (VHF or UHF based)","GPS",NA,NA,NA,"Encounter (e.g capture mark recapture, banding, direct observation)",NA,NA,"R",NA,"ArcGIS","Matlab",NA,NA,NA,NA,NA,NA,NA,NA,"Model selection criteria (e.g AIC)",NA,NA,NA,"Step and resource selection functions","State-space and Hidden Markov models",NA,NA,NA,"More Studied","More Studied","Equally studied","Equally studied",NA,NA,NA,"GPS","Images (Video and static)",NA,"Accelerometer",NA,NA,NA,NA,NA,"Radio tags (VHF or UHF based)",NA,NA,NA,NA,NA,NA,NA,"R","Python",NA,"Matlab",NA,NA,NA,NA,NA,NA,"ArcGIS",NA,NA,NA,NA,NA,NA,"Machine learning","Step and resource selection functions","State-space and Hidden Markov models",NA,NA,NA,NA,"Test statistics and p-values",NA,NA,"Multivariate exploratory methods",NA,NA,NA,NA,NA,NA,NA,NA,NA,1
"R_2rq1tmh76h2VsNR","Default Response Set",2019-03-01 01:40:06,2019-03-01 02:02:11,1,0,1,7,7,"Studied in most papers","Studied in about half of papers","Studied in about half of papers","Studied in about half of papers","Mammalia (excluding Human)","Aves",NA,"Arthropoda",NA,NA,NA,NA,NA,NA,NA,NA,"Radio tags (VHF or UHF based)","GPS",NA,NA,NA,"Encounter (e.g capture mark recapture, banding, direct observation)",NA,NA,"R",NA,"ArcGIS",NA,NA,NA,NA,"QGIS",NA,NA,NA,NA,NA,"GLMs and GAMs",NA,NA,"Step and resource selection functions",NA,NA,NA,NA,NA,NA,"More Studied",NA,NA,"Satellite Tags (e.g. ARGOS, PSAT, PTT, etc.)",NA,NA,"Images (Video and static)",NA,"Accelerometer",NA,NA,NA,NA,NA,"Radio tags (VHF or UHF based)",NA,NA,NA,NA,"Encounter (e.g capture mark recapture, banding, direct observation)",NA,NA,"R",NA,NA,NA,NA,NA,NA,"QGIS",NA,NA,"ArcGIS",NA,NA,NA,NA,NA,NA,"Machine learning","Step and resource selection functions",NA,NA,NA,NA,NA,NA,NA,NA,NA,NA,NA,NA,NA,NA,NA,"'-Miniaturization of logger : allowing to equip various species and also collect more data\-Storage capacity: More data can be stored alowing for large dataset\-Development of new type of analyis","'-Work on smaller species\-Study activity pattern based on data collected every second","'-Development of new types of loggers",1
"R_1KjzjxLKOuXwKvW","Default Response Set",2019-03-01 13:18:28,2019-03-01 13:27:00,1,0,1,11,9,"Studied in about half of papers","Studied in a few papers","Studied in a few papers","Studied in most papers","Mammalia (excluding Human)","Aves",NA,NA,NA,NA,"Osteichthyes (Bony-fish)",NA,NA,NA,NA,"Satellite Tags (e.g. ARGOS, PSAT, PTT, etc.)","Radio tags (VHF or UHF based)","GPS",NA,NA,NA,NA,NA,NA,"R","Python","ArcGIS",NA,NA,NA,NA,NA,NA,NA,NA,NA,NA,NA,"Multivariate exploratory methods",NA,"Step and resource selection functions","State-space and Hidden Markov models",NA,NA,NA,"Equally studied","More Studied","More Studied","Equally studied",NA,"Satellite Tags (e.g. ARGOS, PSAT, PTT, etc.)",NA,"GPS",NA,NA,"Accelerometer",NA,NA,NA,NA,NA,"Radio tags (VHF or UHF based)",NA,NA,NA,NA,NA,NA,NA,"R",NA,NA,"Matlab",NA,NA,NA,"QGIS",NA,NA,"ArcGIS",NA,NA,NA,NA,NA,NA,"Machine learning","Step and resource selection functions",NA,NA,"Other (describe)","continuous time movement modeling","Net squared displacement","Test statistics and p-values",NA,NA,NA,NA,NA,NA,NA,NA,NA,"computing power, and gps tracking capability, and the diversity of biosensors available","continuous gps sampling, lifetime tracks, continuous time movement modeling, hyperspectral and lidar metrics of the environment animals move through","global lidar and hyperspectral data, the Icarus initiative, and the ctmm initiative",1
"R_2feoFASosjmGLAY","Default Response Set",2019-02-22 13:49:22,2019-02-22 13:51:41,0,0,1,NA,NA,NA,NA,NA,NA,NA,NA,NA,NA,NA,NA,NA,NA,NA,NA,NA,NA,NA,NA,NA,NA,NA,NA,NA,NA,NA,NA,NA,NA,NA,NA,NA,NA,NA,NA,NA,NA,NA,NA,NA,NA,NA,NA,NA,NA,NA,NA,NA,NA,NA,NA,NA,NA,NA,NA,NA,NA,NA,NA,NA,NA,NA,NA,NA,NA,NA,NA,NA,NA,NA,NA,NA,NA,NA,NA,NA,NA,NA,NA,NA,"NA",NA,NA,NA,NA,NA,NA,NA,NA,NA,NA,NA,NA,NA,NA,NA,NA,NA,NA,NA,NA,NA,NA,NA,NA,NA,NA,NA
"R_A7gQBI5r5BdiSOd","Default Response Set",2019-03-02 06:14:21,2019-03-02 06:24:00,1,0,1,20,20,"Studied in most papers","Studied in about half of papers","Studied in most papers","Studied in most papers","Mammalia (excluding Human)","Aves",NA,NA,NA,NA,"Osteichthyes (Bony-fish)",NA,NA,NA,"Light Loggers (e.g. GLS)","Satellite Tags (e.g. ARGOS, PSAT, PTT, etc.)",NA,"GPS",NA,NA,NA,NA,NA,NA,"R","Python","ArcGIS",NA,NA,NA,NA,NA,NA,NA,NA,NA,NA,"GLMs and GAMs",NA,NA,"Step and resource selection functions","State-space and Hidden Markov models",NA,NA,NA,"Equally studied","More Studied","More Studied","Equally studied","Light Loggers (e.g. GLS)",NA,NA,NA,NA,"Acoustic telemetry","Accelerometer",NA,NA,NA,NA,"Satellite Tags (e.g. ARGOS, PSAT, PTT, etc.)","Radio tags (VHF or UHF based)",NA,NA,NA,NA,"Encounter (e.g capture mark recapture, banding, direct observation)",NA,NA,"R","Python",NA,NA,NA,NA,NA,"QGIS",NA,NA,"ArcGIS",NA,"Net squared displacement",NA,NA,NA,NA,"Machine learning","Step and resource selection functions",NA,NA,NA,NA,NA,"Test statistics and p-values",NA,NA,"Multivariate exploratory methods",NA,NA,NA,NA,NA,NA,"Bio-loggers (accelerometers, magnetometers, internal sensors, etc.) - aka sensor technology\ICARUS\Fastloc-GPS","Behaviour\Energy expenditure\Fine-scale (&lt;= 1Hz) movement paths","Sensor technology\miniaturization (skin-attached loggers)\ICARUS",1
"R_1gqmhW0klsYVR2C","Default Response Set",2019-03-03 04:45:21,2019-03-03 04:50:35,1,0,1,12,9,"Studied in most papers","Studied in a few papers","Studied in a few papers","Studied in a few papers","Mammalia (excluding Human)","Aves",NA,NA,NA,NA,"Osteichthyes (Bony-fish)",NA,NA,NA,NA,"Satellite Tags (e.g. ARGOS, PSAT, PTT, etc.)",NA,NA,NA,"Acoustic telemetry",NA,"Encounter (e.g capture mark recapture, banding, direct observation)",NA,NA,"R","Python",NA,NA,NA,NA,NA,"QGIS",NA,NA,"Net squared displacement","Test statistics and p-values",NA,"GLMs and GAMs",NA,NA,NA,NA,NA,NA,NA,"Equally studied","More Studied","More Studied","More Studied","Light Loggers (e.g. GLS)",NA,NA,NA,NA,"Acoustic telemetry","Accelerometer",NA,NA,NA,NA,NA,NA,NA,NA,NA,NA,"Encounter (e.g capture mark recapture, banding, direct observation)",NA,NA,"R","Python",NA,"Matlab",NA,NA,NA,NA,NA,NA,"SAS",NA,NA,NA,"Model selection criteria (e.g AIC)",NA,NA,"Machine learning",NA,"State-space and Hidden Markov models",NA,NA,NA,"Net squared displacement","Test statistics and p-values",NA,NA,"Multivariate exploratory methods",NA,NA,NA,NA,NA,NA,"battery size\cost\integration with other technologies","smaller animals","reducing costs making tags available to countries where they could not afford it",1
"R_3R4UmEgx87ghicF","Default Response Set",2019-03-03 08:06:57,2019-03-03 08:10:27,1,0,1,8,8,"Studied in most papers","Studied in about half of papers","Studied in a few papers","Studied in a few papers","Mammalia (excluding Human)","Aves",NA,NA,NA,NA,NA,NA,NA,NA,NA,"Satellite Tags (e.g. ARGOS, PSAT, PTT, etc.)",NA,"GPS",NA,NA,NA,NA,NA,NA,"R",NA,"ArcGIS",NA,NA,NA,NA,NA,NA,NA,"Net squared displacement",NA,NA,NA,NA,NA,"Step and resource selection functions","State-space and Hidden Markov models",NA,NA,NA,NA,NA,"More Studied","More Studied","Light Loggers (e.g. GLS)",NA,NA,NA,NA,NA,"Accelerometer",NA,NA,NA,NA,NA,"Radio tags (VHF or UHF based)",NA,NA,"Acoustic telemetry",NA,NA,NA,NA,"R",NA,NA,NA,NA,NA,NA,NA,NA,NA,"SAS",NA,NA,NA,NA,NA,NA,NA,NA,"State-space and Hidden Markov models",NA,NA,NA,NA,NA,NA,NA,NA,NA,NA,NA,NA,NA,NA,NA,NA,NA,1
"R_2Cxh1FqDzeRomun","Default Response Set",2019-03-03 11:37:52,2019-03-03 11:56:37,1,0,1,5,1,"Studied in a few papers","Studied in a few papers","Studied in about half of papers","Studied in most papers","Mammalia (excluding Human)","Aves",NA,NA,NA,NA,NA,NA,NA,NA,NA,"Satellite Tags (e.g. ARGOS, PSAT, PTT, etc.)",NA,"GPS","Images (Video and static)",NA,NA,NA,NA,NA,"R",NA,"ArcGIS",NA,NA,NA,NA,NA,NA,NA,"Net squared displacement","Test statistics and p-values",NA,NA,NA,NA,NA,"State-space and Hidden Markov models",NA,NA,NA,"Equally studied","Equally studied","More Studied","More Studied","Light Loggers (e.g. GLS)",NA,NA,NA,"Images (Video and static)",NA,"Accelerometer",NA,NA,NA,NA,NA,NA,NA,NA,"Acoustic telemetry",NA,"Encounter (e.g capture mark recapture, banding, direct observation)",NA,NA,"R",NA,"ArcGIS","Matlab",NA,NA,NA,NA,NA,NA,"NA",NA,NA,NA,"Model selection criteria (e.g AIC)",NA,NA,"Machine learning",NA,"State-space and Hidden Markov models",NA,NA,NA,"Net squared displacement",NA,NA,NA,NA,NA,"Step and resource selection functions",NA,NA,NA,NA,"Mechanistic thinking & approaches",NA,"Machine learning",1
"R_UsUBFk7XjarHgs1","Default Response Set",2019-03-03 19:50:03,2019-03-03 20:02:34,1,0,1,4,4,"I have no idea","I have no idea","I have no idea","I have no idea","Mammalia (excluding Human)","Aves",NA,NA,NA,NA,NA,NA,NA,NA,NA,"Satellite Tags (e.g. ARGOS, PSAT, PTT, etc.)","Radio tags (VHF or UHF based)",NA,NA,NA,"Accelerometer",NA,NA,NA,"R",NA,"ArcGIS",NA,NA,NA,NA,"QGIS",NA,NA,NA,"Test statistics and p-values",NA,"GLMs and GAMs",NA,NA,"Step and resource selection functions",NA,NA,NA,NA,NA,NA,NA,NA,"Light Loggers (e.g. GLS)","Satellite Tags (e.g. ARGOS, PSAT, PTT, etc.)",NA,"GPS",NA,NA,NA,NA,NA,NA,NA,NA,"Radio tags (VHF or UHF based)",NA,NA,NA,NA,"Encounter (e.g capture mark recapture, banding, direct observation)",NA,NA,"R",NA,NA,NA,NA,NA,NA,NA,NA,NA,"SAS",NA,NA,NA,"Model selection criteria (e.g AIC)",NA,"Multivariate exploratory methods",NA,NA,"State-space and Hidden Markov models",NA,NA,NA,NA,"Test statistics and p-values",NA,NA,NA,NA,"Step and resource selection functions",NA,NA,NA,NA,"Smaller, cheaper, and longer lasting tags with the ability to collect and analyze more data (linking behavior and habitat use through accelerometer data and location data!)","The ability to collect and analyze large datasets for more species. Tags are smaller, data processing is more efficient.","Continued improvement of tagging and telemetry equipment.",1
"R_1jMKiQ7IiPf2qi7","Default Response Set",2019-03-04 03:27:33,2019-03-04 03:33:00,1,0,1,15,11,"Studied in most papers","Studied in a few papers","Studied in a few papers","Studied in most papers","Mammalia (excluding Human)","Aves",NA,NA,NA,NA,NA,NA,NA,NA,NA,"Satellite Tags (e.g. ARGOS, PSAT, PTT, etc.)","Radio tags (VHF or UHF based)",NA,NA,"Acoustic telemetry",NA,NA,NA,NA,"R",NA,"ArcGIS","Matlab",NA,NA,NA,NA,NA,NA,NA,NA,NA,NA,"Multivariate exploratory methods","Machine learning",NA,"State-space and Hidden Markov models",NA,NA,NA,"More Studied","Equally studied","Equally studied","More Studied",NA,NA,NA,NA,"Images (Video and static)","Acoustic telemetry","Accelerometer",NA,NA,NA,NA,NA,"Radio tags (VHF or UHF based)",NA,NA,NA,NA,"Encounter (e.g capture mark recapture, banding, direct observation)",NA,NA,"R","Python",NA,NA,NA,NA,NA,"QGIS",NA,NA,"ArcGIS",NA,NA,NA,NA,NA,NA,"Machine learning",NA,"State-space and Hidden Markov models",NA,NA,NA,"Net squared displacement","Test statistics and p-values",NA,"GLMs and GAMs",NA,NA,NA,NA,NA,NA,NA,NA,NA,NA,1
"R_XN8QUDvL9KUYpXj","Default Response Set",2019-03-04 05:08:19,2019-03-04 05:22:07,1,0,1,12,8,"Studied in most papers","Studied in a few papers","Studied in a few papers","Studied in most papers","Mammalia (excluding Human)","Aves","Reptilia (excluding Aves)",NA,NA,NA,NA,NA,NA,NA,NA,NA,"Radio tags (VHF or UHF based)",NA,NA,"Acoustic telemetry",NA,"Encounter (e.g capture mark recapture, banding, direct observation)",NA,NA,"R","Python",NA,NA,NA,NA,NA,"QGIS",NA,NA,NA,"Test statistics and p-values","Model selection criteria (e.g AIC)",NA,NA,NA,"Step and resource selection functions",NA,NA,NA,NA,"Equally studied","Less studied","More Studied","Equally studied",NA,"Satellite Tags (e.g. ARGOS, PSAT, PTT, etc.)",NA,"GPS",NA,NA,"Accelerometer",NA,NA,NA,"Light Loggers (e.g. GLS)",NA,"Radio tags (VHF or UHF based)",NA,NA,NA,NA,NA,NA,NA,"R","Python",NA,NA,NA,NA,NA,"QGIS",NA,NA,"ArcGIS",NA,NA,NA,NA,NA,"Multivariate exploratory methods","Machine learning",NA,"State-space and Hidden Markov models",NA,NA,NA,NA,"Test statistics and p-values",NA,NA,NA,NA,NA,NA,NA,NA,NA,"Integrating individual-by-environment interactions on navigation/habitat selection decisions.\Combining movement with activity patterns through accelerometer data, even adding physiological and metabolic data through multiple loggers.","Medium to large scale deployment (in terms of sample size) of accelerometers in a population.\Gathering data efficiently without access to the device, thus in species difficult to capture multiple times.\Longer studies thanks to the above and to improvement in battery and storage capacity.","Exploring the evolutionary causes of species and individuals distributions.\Integrating navigation decisions from genes and environment to physiology to life-history and behaviour to population dynamics.",1
"R_2OVaSYGwqhYFJhW","Default Response Set",2019-03-04 09:42:11,2019-03-04 09:48:27,1,0,1,18,18,"Studied in about half of papers","Studied in about half of papers","Studied in a few papers","Studied in most papers","Mammalia (excluding Human)","Aves",NA,NA,NA,NA,NA,NA,NA,NA,"Light Loggers (e.g. GLS)","Satellite Tags (e.g. ARGOS, PSAT, PTT, etc.)",NA,"GPS",NA,NA,NA,NA,NA,NA,"R",NA,NA,NA,NA,NA,NA,NA,NA,NA,"Net squared displacement",NA,NA,NA,NA,NA,"Step and resource selection functions","State-space and Hidden Markov models",NA,NA,NA,"More Studied","Equally studied","Less studied","More Studied",NA,NA,NA,"GPS",NA,"Acoustic telemetry","Accelerometer",NA,NA,NA,NA,NA,"Radio tags (VHF or UHF based)",NA,NA,NA,NA,"Encounter (e.g capture mark recapture, banding, direct observation)",NA,NA,"R",NA,NA,NA,NA,NA,NA,NA,NA,NA,"ArcGIS",NA,"Net squared displacement",NA,NA,NA,NA,"Machine learning",NA,"State-space and Hidden Markov models",NA,NA,NA,NA,"Test statistics and p-values",NA,NA,"Multivariate exploratory methods",NA,NA,NA,NA,NA,NA,NA,NA,NA,1
"R_1cUlPCS01XfxmDx","Default Response Set",2019-03-04 13:24:20,2019-03-04 13:47:22,1,0,1,10,8,"I have no idea","I have no idea","Studied in about half of papers","Studied in most papers","Mammalia (excluding Human)","Aves",NA,NA,NA,NA,NA,NA,NA,NA,NA,"Satellite Tags (e.g. ARGOS, PSAT, PTT, etc.)","Radio tags (VHF or UHF based)","GPS",NA,NA,NA,NA,NA,NA,"R",NA,"ArcGIS",NA,NA,NA,NA,"QGIS",NA,NA,"Net squared displacement",NA,NA,NA,NA,NA,"Step and resource selection functions",NA,NA,NA,NA,NA,"More Studied","More Studied","More Studied",NA,NA,NA,"GPS",NA,NA,"Accelerometer",NA,NA,NA,NA,NA,"Radio tags (VHF or UHF based)",NA,NA,NA,NA,"Encounter (e.g capture mark recapture, banding, direct observation)",NA,NA,"R",NA,NA,NA,NA,NA,NA,NA,NA,NA,"SAS",NA,NA,NA,NA,NA,"Multivariate exploratory methods","Machine learning",NA,"State-space and Hidden Markov models",NA,NA,NA,NA,"Test statistics and p-values",NA,NA,NA,NA,NA,NA,NA,NA,NA,"The development GPS devices","Work on very fine-scale movements and behaviours (accelerometers data and GPS data) in relation to more and more accurate estimates of habitat types","'-Improvement of accelerometer devices \-Quantification of energetic cost of movements",1
"R_1d4shz0vFWULjZN","Default Response Set",2019-03-05 10:38:35,2019-03-05 10:45:14,1,0,1,16,8,"Studied in a few papers","Studied in about half of papers","Studied in a few papers","Studied in about half of papers","Mammalia (excluding Human)","Aves",NA,NA,NA,NA,NA,"Chondrichthyes (Sharks and Rays)",NA,NA,NA,"Satellite Tags (e.g. ARGOS, PSAT, PTT, etc.)",NA,"GPS",NA,"Acoustic telemetry",NA,NA,NA,NA,"R",NA,NA,NA,NA,NA,"Relational databases (RDBMs)",NA,NA,NA,NA,NA,NA,NA,NA,NA,NA,NA,NA,NA,NA,NA,NA,NA,NA,"Light Loggers (e.g. GLS)",NA,NA,"GPS","Images (Video and static)",NA,NA,NA,NA,NA,NA,NA,"Radio tags (VHF or UHF based)",NA,NA,NA,NA,"Encounter (e.g capture mark recapture, banding, direct observation)",NA,NA,"R",NA,NA,NA,NA,NA,NA,NA,NA,NA,"NA",NA,NA,NA,NA,NA,NA,NA,NA,NA,NA,NA,NA,NA,NA,NA,NA,NA,NA,NA,NA,NA,NA,NA,"(1) database and analysis tools for large datasets, i.e. a big shift away from Excel\(2) GPS developments: smaller tags, fastloc",NA,NA,1
"R_6qZBitqbY3jBqs9","Default Response Set",2019-02-26 12:18:10,2019-02-26 12:18:36,0,0,1,NA,NA,NA,NA,NA,NA,NA,NA,NA,NA,NA,NA,NA,NA,NA,NA,NA,NA,NA,NA,NA,NA,NA,NA,NA,NA,NA,NA,NA,NA,NA,NA,NA,NA,NA,NA,NA,NA,NA,NA,NA,NA,NA,NA,NA,NA,NA,NA,NA,NA,NA,NA,NA,NA,NA,NA,NA,NA,NA,NA,NA,NA,NA,NA,NA,NA,NA,NA,NA,NA,NA,NA,NA,NA,NA,NA,NA,NA,NA,NA,NA,"NA",NA,NA,NA,NA,NA,NA,NA,NA,NA,NA,NA,NA,NA,NA,NA,NA,NA,NA,NA,NA,NA,NA,NA,NA,NA,NA,NA
"R_3OodxfIvL0TBR98","Default Response Set",2019-02-26 13:59:00,2019-02-26 13:59:50,0,0,1,NA,NA,NA,NA,NA,NA,NA,NA,NA,NA,NA,NA,NA,NA,NA,NA,NA,NA,NA,NA,NA,NA,NA,NA,NA,NA,NA,NA,NA,NA,NA,NA,NA,NA,NA,NA,NA,NA,NA,NA,NA,NA,NA,NA,NA,NA,NA,NA,NA,NA,NA,NA,NA,NA,NA,NA,NA,NA,NA,NA,NA,NA,NA,NA,NA,NA,NA,NA,NA,NA,NA,NA,NA,NA,NA,NA,NA,NA,NA,NA,NA,"NA",NA,NA,NA,NA,NA,NA,NA,NA,NA,NA,NA,NA,NA,NA,NA,NA,NA,NA,NA,NA,NA,NA,NA,NA,NA,NA,NA
"R_26gcTsZcvUYLpsZ","Default Response Set",2019-02-26 15:25:48,2019-02-26 15:27:08,0,0,1,25,22,NA,NA,NA,NA,NA,NA,NA,NA,NA,NA,NA,NA,NA,NA,NA,NA,NA,NA,NA,NA,NA,NA,NA,NA,NA,NA,NA,NA,NA,NA,NA,NA,NA,NA,NA,NA,NA,NA,NA,NA,NA,NA,NA,NA,NA,NA,NA,NA,NA,NA,NA,NA,NA,NA,NA,NA,NA,NA,NA,NA,NA,NA,NA,NA,NA,NA,NA,NA,NA,NA,NA,NA,NA,NA,NA,NA,NA,NA,NA,"NA",NA,NA,NA,NA,NA,NA,NA,NA,NA,NA,NA,NA,NA,NA,NA,NA,NA,NA,NA,NA,NA,NA,NA,NA,NA,NA,NA
"R_11ZWF17b9L5nMQ4","Default Response Set",2019-02-27 05:31:21,2019-02-27 05:31:33,0,0,1,NA,NA,NA,NA,NA,NA,NA,NA,NA,NA,NA,NA,NA,NA,NA,NA,NA,NA,NA,NA,NA,NA,NA,NA,NA,NA,NA,NA,NA,NA,NA,NA,NA,NA,NA,NA,NA,NA,NA,NA,NA,NA,NA,NA,NA,NA,NA,NA,NA,NA,NA,NA,NA,NA,NA,NA,NA,NA,NA,NA,NA,NA,NA,NA,NA,NA,NA,NA,NA,NA,NA,NA,NA,NA,NA,NA,NA,NA,NA,NA,NA,"NA",NA,NA,NA,NA,NA,NA,NA,NA,NA,NA,NA,NA,NA,NA,NA,NA,NA,NA,NA,NA,NA,NA,NA,NA,NA,NA,NA
"R_3fwzYaEh7gXikvS","Default Response Set",2019-02-27 05:50:12,2019-02-27 05:51:07,0,0,1,5,2,NA,NA,NA,NA,NA,NA,NA,NA,NA,NA,NA,NA,NA,NA,NA,NA,NA,NA,NA,NA,NA,NA,NA,NA,NA,NA,NA,NA,NA,NA,NA,NA,NA,NA,NA,NA,NA,NA,NA,NA,NA,NA,NA,NA,NA,NA,NA,NA,NA,NA,NA,NA,NA,NA,NA,NA,NA,NA,NA,NA,NA,NA,NA,NA,NA,NA,NA,NA,NA,NA,NA,NA,NA,NA,NA,NA,NA,NA,NA,"NA",NA,NA,NA,NA,NA,NA,NA,NA,NA,NA,NA,NA,NA,NA,NA,NA,NA,NA,NA,NA,NA,NA,NA,NA,NA,NA,NA
"R_3GE7VctvnNoTj9f","Default Response Set",2019-02-27 06:13:46,2019-02-27 06:13:57,0,0,1,NA,NA,NA,NA,NA,NA,NA,NA,NA,NA,NA,NA,NA,NA,NA,NA,NA,NA,NA,NA,NA,NA,NA,NA,NA,NA,NA,NA,NA,NA,NA,NA,NA,NA,NA,NA,NA,NA,NA,NA,NA,NA,NA,NA,NA,NA,NA,NA,NA,NA,NA,NA,NA,NA,NA,NA,NA,NA,NA,NA,NA,NA,NA,NA,NA,NA,NA,NA,NA,NA,NA,NA,NA,NA,NA,NA,NA,NA,NA,NA,NA,"NA",NA,NA,NA,NA,NA,NA,NA,NA,NA,NA,NA,NA,NA,NA,NA,NA,NA,NA,NA,NA,NA,NA,NA,NA,NA,NA,NA
"R_VHUYmvE3630WUrD","Default Response Set",2019-02-27 05:57:41,2019-02-27 06:28:32,0,0,1,2013,4,"Studied in a few papers","I have no idea","Studied in about half of papers","Studied in most papers","Mammalia (excluding Human)","Aves",NA,NA,NA,NA,NA,NA,NA,NA,NA,"Satellite Tags (e.g. ARGOS, PSAT, PTT, etc.)",NA,"GPS",NA,"Acoustic telemetry",NA,NA,NA,NA,"R",NA,NA,"Matlab",NA,NA,NA,NA,NA,NA,"Net squared displacement",NA,NA,"GLMs and GAMs",NA,NA,NA,"State-space and Hidden Markov models",NA,NA,NA,"Less studied","Less studied","Equally studied","More Studied",NA,NA,NA,"GPS",NA,"Acoustic telemetry","Accelerometer",NA,NA,NA,"Light Loggers (e.g. GLS)","Satellite Tags (e.g. ARGOS, PSAT, PTT, etc.)","Radio tags (VHF or UHF based)",NA,NA,NA,NA,NA,NA,NA,"R","Python",NA,"Matlab",NA,NA,NA,NA,NA,NA,"SPSS",NA,NA,NA,NA,NA,NA,"Machine learning","Step and resource selection functions","State-space and Hidden Markov models",NA,NA,NA,"Net squared displacement","Test statistics and p-values","Model selection criteria (e.g AIC)",NA,NA,NA,NA,NA,NA,NA,NA,NA,NA,NA,NA
"R_1LzfGpuYarlx4LH","Default Response Set",2019-02-27 06:45:23,2019-02-27 06:50:33,0,0,1,22,20,"Studied in most papers","Studied in a few papers","Studied in a few papers","Studied in most papers","Mammalia (excluding Human)","Aves",NA,NA,"Homo Sapiens",NA,NA,NA,NA,NA,NA,NA,"Radio tags (VHF or UHF based)","GPS",NA,"Acoustic telemetry",NA,NA,NA,NA,"R",NA,"ArcGIS",NA,NA,NA,NA,"QGIS",NA,NA,NA,NA,"Model selection criteria (e.g AIC)",NA,"Multivariate exploratory methods",NA,"Step and resource selection functions",NA,NA,NA,NA,"More Studied","Equally studied","More Studied","Equally studied",NA,"Satellite Tags (e.g. ARGOS, PSAT, PTT, etc.)",NA,"GPS",NA,NA,"Accelerometer",NA,NA,NA,NA,NA,"Radio tags (VHF or UHF based)",NA,NA,"Acoustic telemetry",NA,NA,NA,NA,"R",NA,NA,NA,NA,NA,"Relational databases (RDBMs)",NA,NA,NA,"SAS",NA,NA,NA,NA,NA,"Multivariate exploratory methods",NA,"Step and resource selection functions","State-space and Hidden Markov models",NA,NA,NA,"Net squared displacement","Test statistics and p-values",NA,NA,NA,NA,NA,NA,NA,NA,NA,NA,NA,NA,NA
"R_OpUNp7zxKEHkLHH","Default Response Set",2019-02-27 06:56:28,2019-02-27 06:57:17,0,0,1,NA,NA,NA,NA,NA,NA,NA,NA,NA,NA,NA,NA,NA,NA,NA,NA,NA,NA,NA,NA,NA,NA,NA,NA,NA,NA,NA,NA,NA,NA,NA,NA,NA,NA,NA,NA,NA,NA,NA,NA,NA,NA,NA,NA,NA,NA,NA,NA,NA,NA,NA,NA,NA,NA,NA,NA,NA,NA,NA,NA,NA,NA,NA,NA,NA,NA,NA,NA,NA,NA,NA,NA,NA,NA,NA,NA,NA,NA,NA,NA,NA,"NA",NA,NA,NA,NA,NA,NA,NA,NA,NA,NA,NA,NA,NA,NA,NA,NA,NA,NA,NA,NA,NA,NA,NA,NA,NA,NA,NA
"R_21hygqxQEyYzANT","Default Response Set",2019-03-06 07:12:16,2019-03-06 07:17:52,1,0,1,9,3,"I have no idea","I have no idea","I have no idea","I have no idea",NA,NA,NA,NA,NA,NA,"Osteichthyes (Bony-fish)",NA,NA,NA,NA,NA,NA,NA,NA,"Acoustic telemetry",NA,"Encounter (e.g capture mark recapture, banding, direct observation)","Other (describe)","data storage tags","R",NA,NA,NA,NA,NA,NA,NA,NA,NA,NA,NA,"Model selection criteria (e.g AIC)","GLMs and GAMs",NA,NA,NA,"State-space and Hidden Markov models",NA,NA,NA,NA,NA,NA,NA,NA,"Satellite Tags (e.g. ARGOS, PSAT, PTT, etc.)",NA,NA,NA,"Acoustic telemetry",NA,NA,NA,NA,NA,NA,NA,NA,NA,NA,NA,"Encounter (e.g capture mark recapture, banding, direct observation)",NA,NA,"R",NA,NA,NA,NA,NA,NA,NA,NA,NA,"NA",NA,NA,NA,NA,NA,NA,NA,NA,"State-space and Hidden Markov models",NA,NA,NA,NA,"Test statistics and p-values",NA,NA,NA,NA,NA,NA,NA,NA,NA,NA,NA,NA,1
"R_2fDtlCvWdfaaBfD","Default Response Set",2019-02-27 10:37:46,2019-02-27 10:42:51,0,0,1,9,7,NA,NA,NA,NA,NA,NA,NA,NA,NA,NA,NA,NA,NA,NA,NA,NA,NA,NA,NA,NA,NA,NA,NA,NA,NA,NA,NA,NA,NA,NA,NA,NA,NA,NA,NA,NA,NA,NA,NA,NA,NA,NA,NA,NA,NA,NA,NA,NA,NA,NA,NA,NA,NA,NA,NA,NA,NA,NA,NA,NA,NA,NA,NA,NA,NA,NA,NA,NA,NA,NA,NA,NA,NA,NA,NA,NA,NA,NA,NA,"NA",NA,NA,NA,NA,NA,NA,NA,NA,NA,NA,NA,NA,NA,NA,NA,NA,NA,NA,NA,NA,NA,NA,NA,NA,NA,NA,NA
"R_1dcOTzdEC5kqO7P","Default Response Set",2019-02-27 10:54:18,2019-02-27 10:55:51,0,0,1,NA,NA,NA,NA,NA,NA,NA,NA,NA,NA,NA,NA,NA,NA,NA,NA,NA,NA,NA,NA,NA,NA,NA,NA,NA,NA,NA,NA,NA,NA,NA,NA,NA,NA,NA,NA,NA,NA,NA,NA,NA,NA,NA,NA,NA,NA,NA,NA,NA,NA,NA,NA,NA,NA,NA,NA,NA,NA,NA,NA,NA,NA,NA,NA,NA,NA,NA,NA,NA,NA,NA,NA,NA,NA,NA,NA,NA,NA,NA,NA,NA,"NA",NA,NA,NA,NA,NA,NA,NA,NA,NA,NA,NA,NA,NA,NA,NA,NA,NA,NA,NA,NA,NA,NA,NA,NA,NA,NA,NA
"R_3plH4LfqsNxz78O","Default Response Set",2019-02-27 11:31:09,2019-02-27 11:31:28,0,0,1,NA,NA,NA,NA,NA,NA,NA,NA,NA,NA,NA,NA,NA,NA,NA,NA,NA,NA,NA,NA,NA,NA,NA,NA,NA,NA,NA,NA,NA,NA,NA,NA,NA,NA,NA,NA,NA,NA,NA,NA,NA,NA,NA,NA,NA,NA,NA,NA,NA,NA,NA,NA,NA,NA,NA,NA,NA,NA,NA,NA,NA,NA,NA,NA,NA,NA,NA,NA,NA,NA,NA,NA,NA,NA,NA,NA,NA,NA,NA,NA,NA,"NA",NA,NA,NA,NA,NA,NA,NA,NA,NA,NA,NA,NA,NA,NA,NA,NA,NA,NA,NA,NA,NA,NA,NA,NA,NA,NA,NA
"R_3370XqIzfe7so9t","Default Response Set",2019-02-27 04:52:05,2019-02-27 12:27:13,0,0,1,8,8,"Studied in a few papers","Studied in about half of papers","Studied in a few papers","Studied in most papers","Mammalia (excluding Human)","Aves",NA,NA,NA,NA,NA,NA,NA,NA,NA,"Satellite Tags (e.g. ARGOS, PSAT, PTT, etc.)",NA,"GPS",NA,NA,"Accelerometer",NA,NA,NA,"R",NA,NA,NA,NA,NA,NA,NA,NA,NA,"Net squared displacement",NA,NA,NA,NA,NA,"Step and resource selection functions","State-space and Hidden Markov models",NA,NA,NA,"Less studied","Less studied","Equally studied","More Studied",NA,NA,NA,"GPS",NA,NA,"Accelerometer",NA,NA,NA,NA,NA,"Radio tags (VHF or UHF based)",NA,NA,NA,NA,NA,NA,NA,"R",NA,NA,NA,NA,NA,NA,NA,NA,NA,"NA",NA,NA,NA,NA,NA,NA,NA,"Step and resource selection functions","State-space and Hidden Markov models",NA,NA,NA,"Net squared displacement",NA,NA,NA,NA,NA,NA,NA,NA,NA,NA,NA,NA,NA,NA
"R_prO1Tc1QKiUXSvv","Default Response Set",2019-02-27 12:31:27,2019-02-27 12:32:38,0,0,1,14,1,NA,NA,NA,NA,NA,NA,NA,NA,NA,NA,NA,NA,NA,NA,NA,NA,NA,NA,NA,NA,NA,NA,NA,NA,NA,NA,NA,NA,NA,NA,NA,NA,NA,NA,NA,NA,NA,NA,NA,NA,NA,NA,NA,NA,NA,NA,NA,NA,NA,NA,NA,NA,NA,NA,NA,NA,NA,NA,NA,NA,NA,NA,NA,NA,NA,NA,NA,NA,NA,NA,NA,NA,NA,NA,NA,NA,NA,NA,NA,"NA",NA,NA,NA,NA,NA,NA,NA,NA,NA,NA,NA,NA,NA,NA,NA,NA,NA,NA,NA,NA,NA,NA,NA,NA,NA,NA,NA
"R_2v2MjJpqgEZVIp5","Default Response Set",2019-02-27 12:42:11,2019-02-27 12:42:22,0,0,1,NA,NA,NA,NA,NA,NA,NA,NA,NA,NA,NA,NA,NA,NA,NA,NA,NA,NA,NA,NA,NA,NA,NA,NA,NA,NA,NA,NA,NA,NA,NA,NA,NA,NA,NA,NA,NA,NA,NA,NA,NA,NA,NA,NA,NA,NA,NA,NA,NA,NA,NA,NA,NA,NA,NA,NA,NA,NA,NA,NA,NA,NA,NA,NA,NA,NA,NA,NA,NA,NA,NA,NA,NA,NA,NA,NA,NA,NA,NA,NA,NA,"NA",NA,NA,NA,NA,NA,NA,NA,NA,NA,NA,NA,NA,NA,NA,NA,NA,NA,NA,NA,NA,NA,NA,NA,NA,NA,NA,NA
"R_1InibP9lz1mXFBT","Default Response Set",2019-02-27 12:52:01,2019-02-27 12:52:44,0,0,1,NA,NA,NA,NA,NA,NA,NA,NA,NA,NA,NA,NA,NA,NA,NA,NA,NA,NA,NA,NA,NA,NA,NA,NA,NA,NA,NA,NA,NA,NA,NA,NA,NA,NA,NA,NA,NA,NA,NA,NA,NA,NA,NA,NA,NA,NA,NA,NA,NA,NA,NA,NA,NA,NA,NA,NA,NA,NA,NA,NA,NA,NA,NA,NA,NA,NA,NA,NA,NA,NA,NA,NA,NA,NA,NA,NA,NA,NA,NA,NA,NA,"NA",NA,NA,NA,NA,NA,NA,NA,NA,NA,NA,NA,NA,NA,NA,NA,NA,NA,NA,NA,NA,NA,NA,NA,NA,NA,NA,NA
"R_1Qaskyf9C1qPr2J","Default Response Set",2019-02-27 13:01:07,2019-02-27 13:03:15,0,0,1,NA,NA,NA,NA,NA,NA,NA,NA,NA,NA,NA,NA,NA,NA,NA,NA,NA,NA,NA,NA,NA,NA,NA,NA,NA,NA,NA,NA,NA,NA,NA,NA,NA,NA,NA,NA,NA,NA,NA,NA,NA,NA,NA,NA,NA,NA,NA,NA,NA,NA,NA,NA,NA,NA,NA,NA,NA,NA,NA,NA,NA,NA,NA,NA,NA,NA,NA,NA,NA,NA,NA,NA,NA,NA,NA,NA,NA,NA,NA,NA,NA,"NA",NA,NA,NA,NA,NA,NA,NA,NA,NA,NA,NA,NA,NA,NA,NA,NA,NA,NA,NA,NA,NA,NA,NA,NA,NA,NA,NA
"R_2CriC9tr99Mb90C","Default Response Set",2019-02-27 13:15:14,2019-02-27 13:15:36,0,0,1,NA,NA,NA,NA,NA,NA,NA,NA,NA,NA,NA,NA,NA,NA,NA,NA,NA,NA,NA,NA,NA,NA,NA,NA,NA,NA,NA,NA,NA,NA,NA,NA,NA,NA,NA,NA,NA,NA,NA,NA,NA,NA,NA,NA,NA,NA,NA,NA,NA,NA,NA,NA,NA,NA,NA,NA,NA,NA,NA,NA,NA,NA,NA,NA,NA,NA,NA,NA,NA,NA,NA,NA,NA,NA,NA,NA,NA,NA,NA,NA,NA,"NA",NA,NA,NA,NA,NA,NA,NA,NA,NA,NA,NA,NA,NA,NA,NA,NA,NA,NA,NA,NA,NA,NA,NA,NA,NA,NA,NA
"R_3PaBshvKIn7dHg7","Default Response Set",2019-02-27 13:13:01,2019-02-27 13:17:55,0,0,1,25,9,NA,NA,NA,NA,NA,NA,NA,NA,NA,NA,NA,NA,NA,NA,NA,NA,NA,NA,NA,NA,NA,NA,NA,NA,NA,NA,NA,NA,NA,NA,NA,NA,NA,NA,NA,NA,NA,NA,NA,NA,NA,NA,NA,NA,NA,NA,NA,NA,NA,NA,NA,NA,NA,NA,NA,NA,NA,NA,NA,NA,NA,NA,NA,NA,NA,NA,NA,NA,NA,NA,NA,NA,NA,NA,NA,NA,NA,NA,NA,"NA",NA,NA,NA,NA,NA,NA,NA,NA,NA,NA,NA,NA,NA,NA,NA,NA,NA,NA,NA,NA,NA,NA,NA,NA,NA,NA,NA
"R_XHBhkBtIr1Dn9g5","Default Response Set",2019-02-27 13:23:05,2019-02-27 13:23:45,0,0,1,NA,NA,NA,NA,NA,NA,NA,NA,NA,NA,NA,NA,NA,NA,NA,NA,NA,NA,NA,NA,NA,NA,NA,NA,NA,NA,NA,NA,NA,NA,NA,NA,NA,NA,NA,NA,NA,NA,NA,NA,NA,NA,NA,NA,NA,NA,NA,NA,NA,NA,NA,NA,NA,NA,NA,NA,NA,NA,NA,NA,NA,NA,NA,NA,NA,NA,NA,NA,NA,NA,NA,NA,NA,NA,NA,NA,NA,NA,NA,NA,NA,"NA",NA,NA,NA,NA,NA,NA,NA,NA,NA,NA,NA,NA,NA,NA,NA,NA,NA,NA,NA,NA,NA,NA,NA,NA,NA,NA,NA
"R_R9QBKRAHB73uosp","Default Response Set",2019-02-27 13:25:52,2019-02-27 13:26:14,0,0,1,NA,NA,NA,NA,NA,NA,NA,NA,NA,NA,NA,NA,NA,NA,NA,NA,NA,NA,NA,NA,NA,NA,NA,NA,NA,NA,NA,NA,NA,NA,NA,NA,NA,NA,NA,NA,NA,NA,NA,NA,NA,NA,NA,NA,NA,NA,NA,NA,NA,NA,NA,NA,NA,NA,NA,NA,NA,NA,NA,NA,NA,NA,NA,NA,NA,NA,NA,NA,NA,NA,NA,NA,NA,NA,NA,NA,NA,NA,NA,NA,NA,"NA",NA,NA,NA,NA,NA,NA,NA,NA,NA,NA,NA,NA,NA,NA,NA,NA,NA,NA,NA,NA,NA,NA,NA,NA,NA,NA,NA
"R_3KYKThviy1oQVqG","Default Response Set",2019-02-27 13:26:36,2019-02-27 13:26:41,0,0,1,NA,NA,NA,NA,NA,NA,NA,NA,NA,NA,NA,NA,NA,NA,NA,NA,NA,NA,NA,NA,NA,NA,NA,NA,NA,NA,NA,NA,NA,NA,NA,NA,NA,NA,NA,NA,NA,NA,NA,NA,NA,NA,NA,NA,NA,NA,NA,NA,NA,NA,NA,NA,NA,NA,NA,NA,NA,NA,NA,NA,NA,NA,NA,NA,NA,NA,NA,NA,NA,NA,NA,NA,NA,NA,NA,NA,NA,NA,NA,NA,NA,"NA",NA,NA,NA,NA,NA,NA,NA,NA,NA,NA,NA,NA,NA,NA,NA,NA,NA,NA,NA,NA,NA,NA,NA,NA,NA,NA,NA
"R_1E5wQml9lNtUHrv","Default Response Set",2019-02-27 13:57:31,2019-02-27 13:57:44,0,0,1,NA,NA,NA,NA,NA,NA,NA,NA,NA,NA,NA,NA,NA,NA,NA,NA,NA,NA,NA,NA,NA,NA,NA,NA,NA,NA,NA,NA,NA,NA,NA,NA,NA,NA,NA,NA,NA,NA,NA,NA,NA,NA,NA,NA,NA,NA,NA,NA,NA,NA,NA,NA,NA,NA,NA,NA,NA,NA,NA,NA,NA,NA,NA,NA,NA,NA,NA,NA,NA,NA,NA,NA,NA,NA,NA,NA,NA,NA,NA,NA,NA,"NA",NA,NA,NA,NA,NA,NA,NA,NA,NA,NA,NA,NA,NA,NA,NA,NA,NA,NA,NA,NA,NA,NA,NA,NA,NA,NA,NA
"R_eJngJXRFrc6QYox","Default Response Set",2019-02-27 13:56:30,2019-02-27 14:00:51,0,0,1,10,7,"I have no idea","I have no idea","I have no idea","I have no idea","Mammalia (excluding Human)","Aves",NA,NA,NA,NA,NA,NA,NA,NA,"Light Loggers (e.g. GLS)","Satellite Tags (e.g. ARGOS, PSAT, PTT, etc.)",NA,"GPS",NA,NA,NA,NA,NA,NA,"R",NA,"ArcGIS",NA,NA,NA,NA,"QGIS",NA,NA,NA,NA,"Model selection criteria (e.g AIC)",NA,NA,NA,"Step and resource selection functions","State-space and Hidden Markov models",NA,NA,NA,NA,NA,NA,NA,NA,NA,NA,NA,NA,NA,NA,NA,NA,NA,NA,NA,NA,NA,NA,NA,NA,NA,NA,NA,NA,NA,NA,NA,NA,NA,NA,NA,NA,NA,"NA",NA,NA,NA,NA,NA,NA,NA,NA,NA,NA,NA,NA,NA,NA,NA,NA,NA,NA,NA,NA,NA,NA,NA,NA,NA,NA,NA
"R_Zr8Y6ZSPUhQRooV","Default Response Set",2019-02-27 14:07:04,2019-02-27 14:07:09,0,0,1,NA,NA,NA,NA,NA,NA,NA,NA,NA,NA,NA,NA,NA,NA,NA,NA,NA,NA,NA,NA,NA,NA,NA,NA,NA,NA,NA,NA,NA,NA,NA,NA,NA,NA,NA,NA,NA,NA,NA,NA,NA,NA,NA,NA,NA,NA,NA,NA,NA,NA,NA,NA,NA,NA,NA,NA,NA,NA,NA,NA,NA,NA,NA,NA,NA,NA,NA,NA,NA,NA,NA,NA,NA,NA,NA,NA,NA,NA,NA,NA,NA,"NA",NA,NA,NA,NA,NA,NA,NA,NA,NA,NA,NA,NA,NA,NA,NA,NA,NA,NA,NA,NA,NA,NA,NA,NA,NA,NA,NA
"R_2Ck8lsl1pzH5wow","Default Response Set",2019-02-27 14:44:36,2019-02-27 14:44:59,0,0,1,NA,NA,NA,NA,NA,NA,NA,NA,NA,NA,NA,NA,NA,NA,NA,NA,NA,NA,NA,NA,NA,NA,NA,NA,NA,NA,NA,NA,NA,NA,NA,NA,NA,NA,NA,NA,NA,NA,NA,NA,NA,NA,NA,NA,NA,NA,NA,NA,NA,NA,NA,NA,NA,NA,NA,NA,NA,NA,NA,NA,NA,NA,NA,NA,NA,NA,NA,NA,NA,NA,NA,NA,NA,NA,NA,NA,NA,NA,NA,NA,NA,"NA",NA,NA,NA,NA,NA,NA,NA,NA,NA,NA,NA,NA,NA,NA,NA,NA,NA,NA,NA,NA,NA,NA,NA,NA,NA,NA,NA
"R_3hAx25uzWkpDyQC","Default Response Set",2019-02-27 14:09:27,2019-02-27 16:02:54,0,0,1,6,4,"Studied in a few papers","Studied in a few papers","Studied in about half of papers","Studied in about half of papers","Mammalia (excluding Human)","Aves",NA,NA,NA,NA,NA,NA,NA,NA,NA,"Satellite Tags (e.g. ARGOS, PSAT, PTT, etc.)",NA,"GPS",NA,NA,"Accelerometer",NA,NA,NA,"R",NA,NA,NA,NA,NA,NA,NA,NA,NA,NA,NA,NA,"GLMs and GAMs",NA,NA,"Step and resource selection functions","State-space and Hidden Markov models",NA,NA,NA,"More Studied","Equally studied","More Studied","Equally studied",NA,"Satellite Tags (e.g. ARGOS, PSAT, PTT, etc.)",NA,"GPS",NA,NA,"Accelerometer",NA,NA,NA,"Light Loggers (e.g. GLS)",NA,"Radio tags (VHF or UHF based)",NA,NA,NA,NA,"Encounter (e.g capture mark recapture, banding, direct observation)",NA,NA,"R","Python",NA,NA,NA,NA,NA,NA,NA,NA,"SPSS",NA,NA,NA,NA,NA,NA,"Machine learning","Step and resource selection functions","State-space and Hidden Markov models",NA,NA,NA,"Net squared displacement","Test statistics and p-values",NA,NA,NA,NA,NA,NA,NA,NA,NA,NA,NA,NA,NA
"R_27xtS0PHaCyYfVg","Default Response Set",2019-02-27 16:17:53,2019-02-27 16:20:44,0,0,1,NA,NA,NA,NA,NA,NA,NA,NA,NA,NA,NA,NA,NA,NA,NA,NA,NA,NA,NA,NA,NA,NA,NA,NA,NA,NA,NA,NA,NA,NA,NA,NA,NA,NA,NA,NA,NA,NA,NA,NA,NA,NA,NA,NA,NA,NA,NA,NA,NA,NA,NA,NA,NA,NA,NA,NA,NA,NA,NA,NA,NA,NA,NA,NA,NA,NA,NA,NA,NA,NA,NA,NA,NA,NA,NA,NA,NA,NA,NA,NA,NA,"NA",NA,NA,NA,NA,NA,NA,NA,NA,NA,NA,NA,NA,NA,NA,NA,NA,NA,NA,NA,NA,NA,NA,NA,NA,NA,NA,NA
"R_z8PZTEdEvi4UyEF","Default Response Set",2019-02-28 02:14:27,2019-02-28 02:14:36,0,0,1,NA,NA,NA,NA,NA,NA,NA,NA,NA,NA,NA,NA,NA,NA,NA,NA,NA,NA,NA,NA,NA,NA,NA,NA,NA,NA,NA,NA,NA,NA,NA,NA,NA,NA,NA,NA,NA,NA,NA,NA,NA,NA,NA,NA,NA,NA,NA,NA,NA,NA,NA,NA,NA,NA,NA,NA,NA,NA,NA,NA,NA,NA,NA,NA,NA,NA,NA,NA,NA,NA,NA,NA,NA,NA,NA,NA,NA,NA,NA,NA,NA,"NA",NA,NA,NA,NA,NA,NA,NA,NA,NA,NA,NA,NA,NA,NA,NA,NA,NA,NA,NA,NA,NA,NA,NA,NA,NA,NA,NA
"R_aY8AAXNdWNv0rBL","Default Response Set",2019-02-28 02:36:44,2019-02-28 02:37:23,0,0,1,NA,NA,NA,NA,NA,NA,NA,NA,NA,NA,NA,NA,NA,NA,NA,NA,NA,NA,NA,NA,NA,NA,NA,NA,NA,NA,NA,NA,NA,NA,NA,NA,NA,NA,NA,NA,NA,NA,NA,NA,NA,NA,NA,NA,NA,NA,NA,NA,NA,NA,NA,NA,NA,NA,NA,NA,NA,NA,NA,NA,NA,NA,NA,NA,NA,NA,NA,NA,NA,NA,NA,NA,NA,NA,NA,NA,NA,NA,NA,NA,NA,"NA",NA,NA,NA,NA,NA,NA,NA,NA,NA,NA,NA,NA,NA,NA,NA,NA,NA,NA,NA,NA,NA,NA,NA,NA,NA,NA,NA
"R_W8zn3E0OIDkP1iV","Default Response Set",2019-02-28 02:42:00,2019-02-28 02:43:22,0,0,1,NA,NA,NA,NA,NA,NA,NA,NA,NA,NA,NA,NA,NA,NA,NA,NA,NA,NA,NA,NA,NA,NA,NA,NA,NA,NA,NA,NA,NA,NA,NA,NA,NA,NA,NA,NA,NA,NA,NA,NA,NA,NA,NA,NA,NA,NA,NA,NA,NA,NA,NA,NA,NA,NA,NA,NA,NA,NA,NA,NA,NA,NA,NA,NA,NA,NA,NA,NA,NA,NA,NA,NA,NA,NA,NA,NA,NA,NA,NA,NA,NA,"NA",NA,NA,NA,NA,NA,NA,NA,NA,NA,NA,NA,NA,NA,NA,NA,NA,NA,NA,NA,NA,NA,NA,NA,NA,NA,NA,NA
"R_2P73853ySxj9CBT","Default Response Set",2019-02-28 02:47:18,2019-02-28 02:47:30,0,0,1,NA,NA,NA,NA,NA,NA,NA,NA,NA,NA,NA,NA,NA,NA,NA,NA,NA,NA,NA,NA,NA,NA,NA,NA,NA,NA,NA,NA,NA,NA,NA,NA,NA,NA,NA,NA,NA,NA,NA,NA,NA,NA,NA,NA,NA,NA,NA,NA,NA,NA,NA,NA,NA,NA,NA,NA,NA,NA,NA,NA,NA,NA,NA,NA,NA,NA,NA,NA,NA,NA,NA,NA,NA,NA,NA,NA,NA,NA,NA,NA,NA,"NA",NA,NA,NA,NA,NA,NA,NA,NA,NA,NA,NA,NA,NA,NA,NA,NA,NA,NA,NA,NA,NA,NA,NA,NA,NA,NA,NA
"R_2EhDG49Ytz9Zul8","Default Response Set",2019-02-28 02:56:15,2019-02-28 03:27:06,0,0,1,10,7,NA,NA,NA,NA,NA,NA,NA,NA,NA,NA,NA,NA,NA,NA,NA,NA,NA,NA,NA,NA,NA,NA,NA,NA,NA,NA,NA,NA,NA,NA,NA,NA,NA,NA,NA,NA,NA,NA,NA,NA,NA,NA,NA,NA,NA,NA,NA,NA,NA,NA,NA,NA,NA,NA,NA,NA,NA,NA,NA,NA,NA,NA,NA,NA,NA,NA,NA,NA,NA,NA,NA,NA,NA,NA,NA,NA,NA,NA,NA,"NA",NA,NA,NA,NA,NA,NA,NA,NA,NA,NA,NA,NA,NA,NA,NA,NA,NA,NA,NA,NA,NA,NA,NA,NA,NA,NA,NA
"R_W88OI4pTz1WA6Yx","Default Response Set",2019-02-28 03:39:57,2019-02-28 03:42:17,0,0,1,10,7,"Studied in most papers","Studied in most papers","Studied in a few papers","Studied in most papers",NA,NA,NA,NA,NA,NA,NA,NA,NA,NA,NA,NA,NA,NA,NA,NA,NA,NA,NA,NA,NA,NA,NA,NA,NA,NA,NA,NA,NA,NA,NA,NA,NA,NA,NA,NA,NA,NA,NA,NA,NA,NA,NA,NA,NA,NA,NA,NA,NA,NA,NA,NA,NA,NA,NA,NA,NA,NA,NA,NA,NA,NA,NA,NA,NA,NA,NA,NA,NA,NA,NA,NA,NA,NA,NA,"NA",NA,NA,NA,NA,NA,NA,NA,NA,NA,NA,NA,NA,NA,NA,NA,NA,NA,NA,NA,NA,NA,NA,NA,NA,NA,NA,NA
"R_2tnxnSIUlKFARWc","Default Response Set",2019-02-28 04:30:59,2019-02-28 04:31:19,0,0,1,NA,NA,NA,NA,NA,NA,NA,NA,NA,NA,NA,NA,NA,NA,NA,NA,NA,NA,NA,NA,NA,NA,NA,NA,NA,NA,NA,NA,NA,NA,NA,NA,NA,NA,NA,NA,NA,NA,NA,NA,NA,NA,NA,NA,NA,NA,NA,NA,NA,NA,NA,NA,NA,NA,NA,NA,NA,NA,NA,NA,NA,NA,NA,NA,NA,NA,NA,NA,NA,NA,NA,NA,NA,NA,NA,NA,NA,NA,NA,NA,NA,"NA",NA,NA,NA,NA,NA,NA,NA,NA,NA,NA,NA,NA,NA,NA,NA,NA,NA,NA,NA,NA,NA,NA,NA,NA,NA,NA,NA
"R_2qlpe1H6mYj5rno","Default Response Set",2019-02-28 04:23:48,2019-02-28 04:39:18,0,0,1,20,10,NA,NA,NA,NA,NA,NA,NA,NA,NA,NA,NA,NA,NA,NA,NA,NA,NA,NA,NA,NA,NA,NA,NA,NA,NA,NA,NA,NA,NA,NA,NA,NA,NA,NA,NA,NA,NA,NA,NA,NA,NA,NA,NA,NA,NA,NA,NA,NA,NA,NA,NA,NA,NA,NA,NA,NA,NA,NA,NA,NA,NA,NA,NA,NA,NA,NA,NA,NA,NA,NA,NA,NA,NA,NA,NA,NA,NA,NA,NA,"NA",NA,NA,NA,NA,NA,NA,NA,NA,NA,NA,NA,NA,NA,NA,NA,NA,NA,NA,NA,NA,NA,NA,NA,NA,NA,NA,NA
"R_bHOWzPWZZSJKaVb","Default Response Set",2019-02-28 06:29:06,2019-02-28 06:30:10,0,0,1,NA,NA,NA,NA,NA,NA,NA,NA,NA,NA,NA,NA,NA,NA,NA,NA,NA,NA,NA,NA,NA,NA,NA,NA,NA,NA,NA,NA,NA,NA,NA,NA,NA,NA,NA,NA,NA,NA,NA,NA,NA,NA,NA,NA,NA,NA,NA,NA,NA,NA,NA,NA,NA,NA,NA,NA,NA,NA,NA,NA,NA,NA,NA,NA,NA,NA,NA,NA,NA,NA,NA,NA,NA,NA,NA,NA,NA,NA,NA,NA,NA,"NA",NA,NA,NA,NA,NA,NA,NA,NA,NA,NA,NA,NA,NA,NA,NA,NA,NA,NA,NA,NA,NA,NA,NA,NA,NA,NA,NA
"R_1FIzeT130JeU65H","Default Response Set",2019-02-28 03:56:04,2019-02-28 07:17:22,0,0,1,8,8,"Studied in about half of papers","Studied in about half of papers","Studied in most papers","Studied in most papers","Mammalia (excluding Human)","Aves",NA,NA,NA,NA,NA,NA,NA,NA,NA,"Satellite Tags (e.g. ARGOS, PSAT, PTT, etc.)",NA,"GPS",NA,NA,NA,NA,NA,NA,NA,NA,NA,NA,NA,NA,NA,NA,NA,NA,"Net squared displacement",NA,NA,NA,NA,NA,"Step and resource selection functions",NA,NA,NA,NA,"More Studied","More Studied","More Studied","More Studied","Light Loggers (e.g. GLS)",NA,NA,"GPS",NA,NA,"Accelerometer",NA,NA,NA,NA,NA,"Radio tags (VHF or UHF based)",NA,NA,NA,NA,"Encounter (e.g capture mark recapture, banding, direct observation)",NA,NA,"R","Python",NA,NA,NA,NA,NA,NA,NA,NA,"ArcGIS",NA,NA,NA,NA,NA,NA,"Machine learning","Step and resource selection functions",NA,NA,NA,NA,NA,"Test statistics and p-values",NA,NA,NA,NA,NA,NA,NA,NA,NA,NA,NA,NA,NA
"R_25Rx2TQtyXA2g5i","Default Response Set",2019-02-28 07:18:40,2019-02-28 07:19:16,0,0,1,NA,NA,NA,NA,NA,NA,NA,NA,NA,NA,NA,NA,NA,NA,NA,NA,NA,NA,NA,NA,NA,NA,NA,NA,NA,NA,NA,NA,NA,NA,NA,NA,NA,NA,NA,NA,NA,NA,NA,NA,NA,NA,NA,NA,NA,NA,NA,NA,NA,NA,NA,NA,NA,NA,NA,NA,NA,NA,NA,NA,NA,NA,NA,NA,NA,NA,NA,NA,NA,NA,NA,NA,NA,NA,NA,NA,NA,NA,NA,NA,NA,"NA",NA,NA,NA,NA,NA,NA,NA,NA,NA,NA,NA,NA,NA,NA,NA,NA,NA,NA,NA,NA,NA,NA,NA,NA,NA,NA,NA
"R_2QFYK8ZXenKi8P2","Default Response Set",2019-02-28 08:36:36,2019-02-28 08:37:19,0,0,1,10,2,NA,NA,NA,NA,NA,NA,NA,NA,NA,NA,NA,NA,NA,NA,NA,NA,NA,NA,NA,NA,NA,NA,NA,NA,NA,NA,NA,NA,NA,NA,NA,NA,NA,NA,NA,NA,NA,NA,NA,NA,NA,NA,NA,NA,NA,NA,NA,NA,NA,NA,NA,NA,NA,NA,NA,NA,NA,NA,NA,NA,NA,NA,NA,NA,NA,NA,NA,NA,NA,NA,NA,NA,NA,NA,NA,NA,NA,NA,NA,"NA",NA,NA,NA,NA,NA,NA,NA,NA,NA,NA,NA,NA,NA,NA,NA,NA,NA,NA,NA,NA,NA,NA,NA,NA,NA,NA,NA
"R_0HUymv5KWLYQk9z","Default Response Set",2019-02-28 10:02:22,2019-02-28 10:05:40,0,0,1,7,3,NA,NA,NA,NA,NA,NA,NA,NA,NA,NA,NA,NA,NA,NA,NA,NA,NA,NA,NA,NA,NA,NA,NA,NA,NA,NA,NA,NA,NA,NA,NA,NA,NA,NA,NA,NA,NA,NA,NA,NA,NA,NA,NA,NA,NA,NA,NA,NA,NA,NA,NA,NA,NA,NA,NA,NA,NA,NA,NA,NA,NA,NA,NA,NA,NA,NA,NA,NA,NA,NA,NA,NA,NA,NA,NA,NA,NA,NA,NA,"NA",NA,NA,NA,NA,NA,NA,NA,NA,NA,NA,NA,NA,NA,NA,NA,NA,NA,NA,NA,NA,NA,NA,NA,NA,NA,NA,NA
"R_2xQ5VrPEfm2EHUa","Default Response Set",2019-02-28 14:29:16,2019-02-28 14:29:46,0,0,1,4,1,NA,NA,NA,NA,NA,NA,NA,NA,NA,NA,NA,NA,NA,NA,NA,NA,NA,NA,NA,NA,NA,NA,NA,NA,NA,NA,NA,NA,NA,NA,NA,NA,NA,NA,NA,NA,NA,NA,NA,NA,NA,NA,NA,NA,NA,NA,NA,NA,NA,NA,NA,NA,NA,NA,NA,NA,NA,NA,NA,NA,NA,NA,NA,NA,NA,NA,NA,NA,NA,NA,NA,NA,NA,NA,NA,NA,NA,NA,NA,"NA",NA,NA,NA,NA,NA,NA,NA,NA,NA,NA,NA,NA,NA,NA,NA,NA,NA,NA,NA,NA,NA,NA,NA,NA,NA,NA,NA
"R_RDBUhgZvUxdsEmt","Default Response Set",2019-02-28 14:26:19,2019-02-28 14:27:12,0,0,1,25,15,NA,NA,NA,NA,NA,NA,NA,NA,NA,NA,NA,NA,NA,NA,NA,NA,NA,NA,NA,NA,NA,NA,NA,NA,NA,NA,NA,NA,NA,NA,NA,NA,NA,NA,NA,NA,NA,NA,NA,NA,NA,NA,NA,NA,NA,NA,NA,NA,NA,NA,NA,NA,NA,NA,NA,NA,NA,NA,NA,NA,NA,NA,NA,NA,NA,NA,NA,NA,NA,NA,NA,NA,NA,NA,NA,NA,NA,NA,NA,"NA",NA,NA,NA,NA,NA,NA,NA,NA,NA,NA,NA,NA,NA,NA,NA,NA,NA,NA,NA,NA,NA,NA,NA,NA,NA,NA,NA
"R_2ZTxoidtHWhvuRj","Default Response Set",2019-02-28 15:48:50,2019-02-28 15:49:12,0,0,1,6,4,NA,NA,NA,NA,NA,NA,NA,NA,NA,NA,NA,NA,NA,NA,NA,NA,NA,NA,NA,NA,NA,NA,NA,NA,NA,NA,NA,NA,NA,NA,NA,NA,NA,NA,NA,NA,NA,NA,NA,NA,NA,NA,NA,NA,NA,NA,NA,NA,NA,NA,NA,NA,NA,NA,NA,NA,NA,NA,NA,NA,NA,NA,NA,NA,NA,NA,NA,NA,NA,NA,NA,NA,NA,NA,NA,NA,NA,NA,NA,"NA",NA,NA,NA,NA,NA,NA,NA,NA,NA,NA,NA,NA,NA,NA,NA,NA,NA,NA,NA,NA,NA,NA,NA,NA,NA,NA,NA
"R_2uJm3boDiKBEabt","Default Response Set",2019-02-28 17:23:33,2019-02-28 17:24:41,0,0,1,6,3,NA,NA,NA,NA,NA,NA,NA,NA,NA,NA,NA,NA,NA,NA,NA,NA,NA,NA,NA,NA,NA,NA,NA,NA,NA,NA,NA,NA,NA,NA,NA,NA,NA,NA,NA,NA,NA,NA,NA,NA,NA,NA,NA,NA,NA,NA,NA,NA,NA,NA,NA,NA,NA,NA,NA,NA,NA,NA,NA,NA,NA,NA,NA,NA,NA,NA,NA,NA,NA,NA,NA,NA,NA,NA,NA,NA,NA,NA,NA,"NA",NA,NA,NA,NA,NA,NA,NA,NA,NA,NA,NA,NA,NA,NA,NA,NA,NA,NA,NA,NA,NA,NA,NA,NA,NA,NA,NA
"R_1ILcM5jHxOpGFtf","Default Response Set",2019-03-01 09:15:32,2019-03-01 09:15:56,0,0,1,NA,NA,NA,NA,NA,NA,NA,NA,NA,NA,NA,NA,NA,NA,NA,NA,NA,NA,NA,NA,NA,NA,NA,NA,NA,NA,NA,NA,NA,NA,NA,NA,NA,NA,NA,NA,NA,NA,NA,NA,NA,NA,NA,NA,NA,NA,NA,NA,NA,NA,NA,NA,NA,NA,NA,NA,NA,NA,NA,NA,NA,NA,NA,NA,NA,NA,NA,NA,NA,NA,NA,NA,NA,NA,NA,NA,NA,NA,NA,NA,NA,"NA",NA,NA,NA,NA,NA,NA,NA,NA,NA,NA,NA,NA,NA,NA,NA,NA,NA,NA,NA,NA,NA,NA,NA,NA,NA,NA,NA
"R_2rvXpgbWooLCVqK","Default Response Set",2019-03-01 12:35:36,2019-03-01 12:39:07,0,0,1,NA,NA,NA,NA,NA,NA,NA,NA,NA,NA,NA,NA,NA,NA,NA,NA,NA,NA,NA,NA,NA,NA,NA,NA,NA,NA,NA,NA,NA,NA,NA,NA,NA,NA,NA,NA,NA,NA,NA,NA,NA,NA,NA,NA,NA,NA,NA,NA,NA,NA,NA,NA,NA,NA,NA,NA,NA,NA,NA,NA,NA,NA,NA,NA,NA,NA,NA,NA,NA,NA,NA,NA,NA,NA,NA,NA,NA,NA,NA,NA,NA,"NA",NA,NA,NA,NA,NA,NA,NA,NA,NA,NA,NA,NA,NA,NA,NA,NA,NA,NA,NA,NA,NA,NA,NA,NA,NA,NA,NA
"R_3j0DTb4V3S79MDP","Default Response Set",2019-02-27 18:49:35,2019-03-01 13:15:49,0,0,1,5,3,"Studied in most papers","Studied in about half of papers","Studied in a few papers","Studied in a few papers","Mammalia (excluding Human)","Aves",NA,NA,NA,NA,NA,NA,NA,NA,NA,NA,"Radio tags (VHF or UHF based)","GPS",NA,NA,NA,NA,NA,NA,"R",NA,"ArcGIS",NA,NA,NA,NA,"QGIS",NA,NA,"Net squared displacement",NA,NA,NA,NA,NA,"Step and resource selection functions",NA,"Spatial point processes",NA,NA,"More Studied","Equally studied","Equally studied","Equally studied",NA,NA,NA,"GPS",NA,NA,"Accelerometer",NA,NA,NA,NA,"Satellite Tags (e.g. ARGOS, PSAT, PTT, etc.)",NA,NA,NA,NA,NA,NA,NA,NA,"R",NA,NA,NA,NA,NA,NA,NA,NA,NA,"SAS",NA,"Net squared displacement",NA,NA,NA,NA,NA,"Step and resource selection functions","State-space and Hidden Markov models",NA,NA,NA,NA,"Test statistics and p-values","Model selection criteria (e.g AIC)",NA,NA,NA,NA,NA,NA,NA,NA,NA,NA,NA,NA
"R_2SuetN1E37Vi6Je","Default Response Set",2019-03-01 16:30:20,2019-03-01 16:30:43,0,0,1,20,20,NA,NA,NA,NA,NA,NA,NA,NA,NA,NA,NA,NA,NA,NA,NA,NA,NA,NA,NA,NA,NA,NA,NA,NA,NA,NA,NA,NA,NA,NA,NA,NA,NA,NA,NA,NA,NA,NA,NA,NA,NA,NA,NA,NA,NA,NA,NA,NA,NA,NA,NA,NA,NA,NA,NA,NA,NA,NA,NA,NA,NA,NA,NA,NA,NA,NA,NA,NA,NA,NA,NA,NA,NA,NA,NA,NA,NA,NA,NA,"NA",NA,NA,NA,NA,NA,NA,NA,NA,NA,NA,NA,NA,NA,NA,NA,NA,NA,NA,NA,NA,NA,NA,NA,NA,NA,NA,NA
"R_29jlxCIrteNHCH9","Default Response Set",2019-03-02 03:32:43,2019-03-02 03:33:01,0,0,1,NA,NA,NA,NA,NA,NA,NA,NA,NA,NA,NA,NA,NA,NA,NA,NA,NA,NA,NA,NA,NA,NA,NA,NA,NA,NA,NA,NA,NA,NA,NA,NA,NA,NA,NA,NA,NA,NA,NA,NA,NA,NA,NA,NA,NA,NA,NA,NA,NA,NA,NA,NA,NA,NA,NA,NA,NA,NA,NA,NA,NA,NA,NA,NA,NA,NA,NA,NA,NA,NA,NA,NA,NA,NA,NA,NA,NA,NA,NA,NA,NA,"NA",NA,NA,NA,NA,NA,NA,NA,NA,NA,NA,NA,NA,NA,NA,NA,NA,NA,NA,NA,NA,NA,NA,NA,NA,NA,NA,NA
"R_1QiRiwlRkNeVkDm","Default Response Set",2019-03-02 07:41:53,2019-03-02 07:57:02,0,0,1,NA,NA,NA,NA,NA,NA,NA,NA,NA,NA,NA,NA,NA,NA,NA,NA,NA,NA,NA,NA,NA,NA,NA,NA,NA,NA,NA,NA,NA,NA,NA,NA,NA,NA,NA,NA,NA,NA,NA,NA,NA,NA,NA,NA,NA,NA,NA,NA,NA,NA,NA,NA,NA,NA,NA,NA,NA,NA,NA,NA,NA,NA,NA,NA,NA,NA,NA,NA,NA,NA,NA,NA,NA,NA,NA,NA,NA,NA,NA,NA,NA,"NA",NA,NA,NA,NA,NA,NA,NA,NA,NA,NA,NA,NA,NA,NA,NA,NA,NA,NA,NA,NA,NA,NA,NA,NA,NA,NA,NA
"R_1LGvSilA1H8U6F4","Default Response Set",2019-03-02 19:13:01,2019-03-02 19:14:10,0,0,1,NA,NA,NA,NA,NA,NA,NA,NA,NA,NA,NA,NA,NA,NA,NA,NA,NA,NA,NA,NA,NA,NA,NA,NA,NA,NA,NA,NA,NA,NA,NA,NA,NA,NA,NA,NA,NA,NA,NA,NA,NA,NA,NA,NA,NA,NA,NA,NA,NA,NA,NA,NA,NA,NA,NA,NA,NA,NA,NA,NA,NA,NA,NA,NA,NA,NA,NA,NA,NA,NA,NA,NA,NA,NA,NA,NA,NA,NA,NA,NA,NA,"NA",NA,NA,NA,NA,NA,NA,NA,NA,NA,NA,NA,NA,NA,NA,NA,NA,NA,NA,NA,NA,NA,NA,NA,NA,NA,NA,NA
"R_2PzgbJAsnncwA2n","Default Response Set",2019-03-02 19:51:56,2019-03-02 19:53:02,0,0,1,15,10,NA,NA,NA,NA,NA,NA,NA,NA,NA,NA,NA,NA,NA,NA,NA,NA,NA,NA,NA,NA,NA,NA,NA,NA,NA,NA,NA,NA,NA,NA,NA,NA,NA,NA,NA,NA,NA,NA,NA,NA,NA,NA,NA,NA,NA,NA,NA,NA,NA,NA,NA,NA,NA,NA,NA,NA,NA,NA,NA,NA,NA,NA,NA,NA,NA,NA,NA,NA,NA,NA,NA,NA,NA,NA,NA,NA,NA,NA,NA,"NA",NA,NA,NA,NA,NA,NA,NA,NA,NA,NA,NA,NA,NA,NA,NA,NA,NA,NA,NA,NA,NA,NA,NA,NA,NA,NA,NA
"R_2D6Pt8CpR4So2Y1","Default Response Set",2019-03-03 03:39:47,2019-03-03 03:40:18,0,0,1,10,1,NA,NA,NA,NA,NA,NA,NA,NA,NA,NA,NA,NA,NA,NA,NA,NA,NA,NA,NA,NA,NA,NA,NA,NA,NA,NA,NA,NA,NA,NA,NA,NA,NA,NA,NA,NA,NA,NA,NA,NA,NA,NA,NA,NA,NA,NA,NA,NA,NA,NA,NA,NA,NA,NA,NA,NA,NA,NA,NA,NA,NA,NA,NA,NA,NA,NA,NA,NA,NA,NA,NA,NA,NA,NA,NA,NA,NA,NA,NA,"NA",NA,NA,NA,NA,NA,NA,NA,NA,NA,NA,NA,NA,NA,NA,NA,NA,NA,NA,NA,NA,NA,NA,NA,NA,NA,NA,NA
"R_21iHYas3tOcXCFn","Default Response Set",2019-03-03 06:31:38,2019-03-03 06:34:58,0,0,1,NA,NA,NA,NA,NA,NA,NA,NA,NA,NA,NA,NA,NA,NA,NA,NA,NA,NA,NA,NA,NA,NA,NA,NA,NA,NA,NA,NA,NA,NA,NA,NA,NA,NA,NA,NA,NA,NA,NA,NA,NA,NA,NA,NA,NA,NA,NA,NA,NA,NA,NA,NA,NA,NA,NA,NA,NA,NA,NA,NA,NA,NA,NA,NA,NA,NA,NA,NA,NA,NA,NA,NA,NA,NA,NA,NA,NA,NA,NA,NA,NA,"NA",NA,NA,NA,NA,NA,NA,NA,NA,NA,NA,NA,NA,NA,NA,NA,NA,NA,NA,NA,NA,NA,NA,NA,NA,NA,NA,NA
"R_3iEblcZwhhNMuJ8","Default Response Set",2019-03-10 11:35:27,2019-03-10 11:52:31,1,0,1,7,6,"I have no idea","Studied in about half of papers","Studied in a few papers","Studied in most papers","Mammalia (excluding Human)","Aves",NA,NA,NA,NA,NA,"Chondrichthyes (Sharks and Rays)",NA,NA,"Light Loggers (e.g. GLS)",NA,"Radio tags (VHF or UHF based)","GPS",NA,NA,NA,NA,NA,NA,"R","Python",NA,NA,NA,NA,"Relational databases (RDBMs)",NA,NA,NA,"Net squared displacement",NA,NA,NA,NA,NA,"Step and resource selection functions","State-space and Hidden Markov models",NA,NA,NA,NA,"Equally studied","More Studied","Equally studied",NA,"Satellite Tags (e.g. ARGOS, PSAT, PTT, etc.)",NA,NA,NA,"Acoustic telemetry","Accelerometer",NA,NA,NA,NA,NA,"Radio tags (VHF or UHF based)",NA,NA,NA,NA,"Encounter (e.g capture mark recapture, banding, direct observation)",NA,NA,"R","Python",NA,NA,NA,NA,NA,"QGIS",NA,NA,"Matlab",NA,NA,NA,NA,NA,NA,"Machine learning","Step and resource selection functions","State-space and Hidden Markov models",NA,NA,NA,NA,"Test statistics and p-values",NA,NA,NA,NA,NA,NA,"Spatial point processes",NA,NA,"'- smaller and lighter devices for tracking\- databases on environmental data for linking with movement data\- faster computers for extensive simulations and analyzes","'- comparisons of movements across multi taxa based on databases like movebank\- fast computation of state-space models","'- remote sensing at high resolution\- even ligther taggs such as ikarus\- better understanding of activity and behavior and its impact on movement",1
"R_5sFShC5bLTSdCPn","Default Response Set",2019-03-03 15:17:59,2019-03-03 15:18:47,0,0,1,15,8,NA,NA,NA,NA,NA,NA,NA,NA,NA,NA,NA,NA,NA,NA,NA,NA,NA,NA,NA,NA,NA,NA,NA,NA,NA,NA,NA,NA,NA,NA,NA,NA,NA,NA,NA,NA,NA,NA,NA,NA,NA,NA,NA,NA,NA,NA,NA,NA,NA,NA,NA,NA,NA,NA,NA,NA,NA,NA,NA,NA,NA,NA,NA,NA,NA,NA,NA,NA,NA,NA,NA,NA,NA,NA,NA,NA,NA,NA,NA,"NA",NA,NA,NA,NA,NA,NA,NA,NA,NA,NA,NA,NA,NA,NA,NA,NA,NA,NA,NA,NA,NA,NA,NA,NA,NA,NA,NA
"R_3fE0GS1YnRPzJeV","Default Response Set",2019-03-03 16:58:32,2019-03-03 17:14:08,0,0,1,8,6,"Studied in a few papers","Studied in a few papers","Studied in about half of papers","Studied in most papers",NA,"Aves",NA,"Arthropoda",NA,NA,"Osteichthyes (Bony-fish)",NA,NA,NA,NA,NA,NA,NA,NA,NA,"Accelerometer","Encounter (e.g capture mark recapture, banding, direct observation)",NA,NA,"R",NA,"ArcGIS",NA,NA,NA,NA,"QGIS",NA,NA,NA,NA,"Model selection criteria (e.g AIC)",NA,NA,NA,NA,NA,NA,NA,NA,"Equally studied","Equally studied","Equally studied","Equally studied","Light Loggers (e.g. GLS)","Satellite Tags (e.g. ARGOS, PSAT, PTT, etc.)",NA,"GPS",NA,NA,NA,NA,NA,NA,NA,NA,NA,NA,"Images (Video and static)",NA,NA,"Encounter (e.g capture mark recapture, banding, direct observation)",NA,NA,"R",NA,NA,NA,NA,NA,NA,NA,NA,NA,"NA",NA,NA,NA,NA,NA,NA,NA,NA,NA,NA,NA,NA,NA,NA,NA,NA,NA,NA,NA,NA,NA,NA,NA,NA,NA,NA,NA
"R_RKvo4PLSSZJTv7X","Default Response Set",2019-03-11 03:35:44,2019-03-11 03:40:41,1,0,1,3,1,"I have no idea","Studied in most papers","Studied in about half of papers","Studied in about half of papers","Mammalia (excluding Human)",NA,NA,NA,NA,NA,NA,NA,NA,NA,NA,"Satellite Tags (e.g. ARGOS, PSAT, PTT, etc.)","Radio tags (VHF or UHF based)","GPS",NA,NA,NA,NA,NA,NA,"R",NA,NA,NA,NA,NA,NA,"QGIS",NA,NA,NA,NA,NA,"GLMs and GAMs",NA,NA,"Step and resource selection functions",NA,"Spatial point processes",NA,NA,NA,"More Studied","More Studied","Equally studied",NA,NA,NA,"GPS",NA,"Acoustic telemetry","Accelerometer",NA,NA,NA,"Light Loggers (e.g. GLS)",NA,"Radio tags (VHF or UHF based)",NA,NA,NA,NA,"Encounter (e.g capture mark recapture, banding, direct observation)",NA,NA,"R",NA,NA,NA,NA,NA,NA,NA,NA,NA,"Matlab",NA,NA,NA,"Model selection criteria (e.g AIC)",NA,NA,"Machine learning",NA,NA,NA,NA,NA,NA,"Test statistics and p-values",NA,NA,NA,NA,NA,NA,NA,NA,NA,NA,NA,NA,1
"R_2uDuBO4YhsEJKjK","Default Response Set",2019-02-26 15:08:57,2019-03-04 03:49:18,0,0,1,20,20,NA,NA,NA,NA,NA,NA,NA,NA,NA,NA,NA,NA,NA,NA,NA,NA,NA,NA,NA,NA,NA,NA,NA,NA,NA,NA,NA,NA,NA,NA,NA,NA,NA,NA,NA,NA,NA,NA,NA,NA,NA,NA,NA,NA,NA,NA,NA,NA,NA,NA,NA,NA,NA,NA,NA,NA,NA,NA,NA,NA,NA,NA,NA,NA,NA,NA,NA,NA,NA,NA,NA,NA,NA,NA,NA,NA,NA,NA,NA,"NA",NA,NA,NA,NA,NA,NA,NA,NA,NA,NA,NA,NA,NA,NA,NA,NA,NA,NA,NA,NA,NA,NA,NA,NA,NA,NA,NA
"R_1msElWqtlOk7q78","Default Response Set",2019-03-04 09:51:37,2019-03-04 09:52:37,0,0,1,40,40,NA,NA,NA,NA,NA,NA,NA,NA,NA,NA,NA,NA,NA,NA,NA,NA,NA,NA,NA,NA,NA,NA,NA,NA,NA,NA,NA,NA,NA,NA,NA,NA,NA,NA,NA,NA,NA,NA,NA,NA,NA,NA,NA,NA,NA,NA,NA,NA,NA,NA,NA,NA,NA,NA,NA,NA,NA,NA,NA,NA,NA,NA,NA,NA,NA,NA,NA,NA,NA,NA,NA,NA,NA,NA,NA,NA,NA,NA,NA,"NA",NA,NA,NA,NA,NA,NA,NA,NA,NA,NA,NA,NA,NA,NA,NA,NA,NA,NA,NA,NA,NA,NA,NA,NA,NA,NA,NA
"R_1dE2emSus1WieoC","Default Response Set",2019-03-04 13:12:58,2019-03-04 13:15:21,0,0,1,23,0.5,"I have no idea","I have no idea","I have no idea","I have no idea",NA,NA,NA,NA,NA,NA,NA,NA,NA,NA,NA,NA,NA,NA,NA,NA,NA,NA,NA,NA,NA,NA,NA,NA,NA,NA,NA,NA,NA,NA,NA,NA,NA,NA,NA,NA,NA,NA,NA,NA,NA,NA,NA,NA,NA,NA,NA,NA,NA,NA,NA,NA,NA,NA,NA,NA,NA,NA,NA,NA,NA,NA,NA,NA,NA,NA,NA,NA,NA,NA,NA,NA,NA,NA,NA,"NA",NA,NA,NA,NA,NA,NA,NA,NA,NA,NA,NA,NA,NA,NA,NA,NA,NA,NA,NA,NA,NA,NA,NA,NA,NA,NA,NA
"R_2us06K59TdD97US","Default Response Set",2019-03-08 13:02:39,2019-03-08 16:11:08,0,0,1,3,2,"Studied in most papers","I have no idea","I have no idea","Studied in most papers",NA,"Aves",NA,NA,NA,NA,NA,NA,NA,NA,NA,NA,"Radio tags (VHF or UHF based)",NA,NA,NA,NA,NA,NA,NA,"R",NA,"ArcGIS",NA,NA,NA,NA,NA,NA,NA,NA,NA,"Model selection criteria (e.g AIC)",NA,NA,NA,NA,NA,NA,NA,NA,NA,NA,NA,NA,NA,"Satellite Tags (e.g. ARGOS, PSAT, PTT, etc.)",NA,"GPS","Images (Video and static)",NA,NA,NA,NA,NA,NA,NA,NA,NA,NA,NA,NA,NA,NA,NA,"R",NA,NA,NA,NA,NA,NA,"QGIS",NA,NA,"SAS",NA,NA,NA,NA,NA,NA,NA,NA,NA,NA,NA,NA,NA,NA,NA,NA,NA,NA,NA,NA,NA,NA,NA,NA,NA,NA,NA
"R_2rSDwX5xFCU1sWp","Default Response Set",2019-03-16 07:40:21,2019-03-16 08:15:30,1,0,1,22,22,"Studied in most papers","Studied in a few papers","Studied in a few papers","Studied in a few papers","Mammalia (excluding Human)","Aves",NA,NA,"Homo Sapiens",NA,NA,NA,NA,NA,NA,"Satellite Tags (e.g. ARGOS, PSAT, PTT, etc.)","Radio tags (VHF or UHF based)",NA,NA,NA,NA,"Encounter (e.g capture mark recapture, banding, direct observation)",NA,NA,"R",NA,"ArcGIS",NA,NA,NA,NA,NA,NA,NA,NA,"Test statistics and p-values","Model selection criteria (e.g AIC)",NA,NA,NA,"Step and resource selection functions",NA,NA,NA,NA,"Equally studied","More Studied","More Studied","More Studied","Light Loggers (e.g. GLS)",NA,NA,"GPS",NA,NA,"Accelerometer",NA,NA,NA,NA,NA,NA,NA,NA,NA,NA,NA,"Other (describe)","I think all methods are used as much or more now than previously.","R",NA,NA,NA,NA,NA,NA,NA,NA,NA,"NA",NA,NA,NA,"Model selection criteria (e.g AIC)",NA,NA,NA,NA,NA,NA,NA,NA,NA,NA,NA,NA,NA,NA,NA,NA,NA,NA,NA,"'-Light-level geolocators\-Miniaturization of GPS tags\-More powerful software programs (e.g., R packages)","'-Use light-level geolocators and miniature GPS archival tags to track passerine bird movements\-Investigate how bird movements track environmental parameters (e.g., how well do movements track temperature, rainfall, NDVI, etc...)","'-Satellite transmitters that weigh less than 1 gram\-Cube satellites that provide detailed remote sensing data (e.g., forest cover, climate)",1
"R_3Ok6LDWwZUZi7X6","Default Response Set",2019-03-11 11:32:26,2019-03-11 11:33:02,0,0,1,NA,NA,NA,NA,NA,NA,NA,NA,NA,NA,NA,NA,NA,NA,NA,NA,NA,NA,NA,NA,NA,NA,NA,NA,NA,NA,NA,NA,NA,NA,NA,NA,NA,NA,NA,NA,NA,NA,NA,NA,NA,NA,NA,NA,NA,NA,NA,NA,NA,NA,NA,NA,NA,NA,NA,NA,NA,NA,NA,NA,NA,NA,NA,NA,NA,NA,NA,NA,NA,NA,NA,NA,NA,NA,NA,NA,NA,NA,NA,NA,NA,"NA",NA,NA,NA,NA,NA,NA,NA,NA,NA,NA,NA,NA,NA,NA,NA,NA,NA,NA,NA,NA,NA,NA,NA,NA,NA,NA,NA
"R_1EXTpWqmaie4P4V","Default Response Set",2019-03-28 07:53:01,2019-03-28 08:16:23,1,0,1,6,6,"Studied in a few papers","Studied in a few papers","Studied in a few papers","Studied in most papers","Mammalia (excluding Human)","Aves",NA,NA,NA,NA,NA,NA,NA,NA,NA,NA,NA,NA,NA,NA,NA,"Encounter (e.g capture mark recapture, banding, direct observation)",NA,NA,"R",NA,"ArcGIS",NA,NA,NA,NA,"QGIS",NA,NA,NA,NA,NA,NA,"Multivariate exploratory methods",NA,NA,NA,NA,NA,NA,"More Studied","More Studied","More Studied","More Studied","Light Loggers (e.g. GLS)",NA,NA,"GPS",NA,"Acoustic telemetry",NA,NA,NA,NA,NA,"Satellite Tags (e.g. ARGOS, PSAT, PTT, etc.)","Radio tags (VHF or UHF based)",NA,NA,NA,NA,NA,NA,NA,"R",NA,"ArcGIS",NA,NA,NA,NA,"QGIS",NA,NA,"Matlab",NA,NA,NA,NA,NA,NA,"Machine learning","Step and resource selection functions","State-space and Hidden Markov models",NA,NA,NA,NA,"Test statistics and p-values",NA,NA,NA,NA,NA,NA,NA,NA,NA,"The technological progress has allowed for long-distance and automatical monitoring of animal movements. Also softwares have improved and offer a diversity of statistical techniques with an improved computer power. \I also think that Nathan's paper allowed to theorize and offer a framework and shared naming of processes for people studying movements.","We are now able to have detailed both spatial and temporal monitoring of species with precise location. We are now able due to the improvement and miniaturization of devices used to monitor species to have data available even for small species without jeopardizing population dynamics.","The technology will keep improving and broaden the possibility and technical challenges of species movement monitoring, allowing us to study all different kind of species, to be able to process and analyse such big data and thus have a better understanding of movement.",1
"R_BQInVG2DVNS6XM5","Default Response Set",2019-03-21 09:13:35,2019-03-21 09:14:51,0,0,1,17,17,NA,NA,NA,NA,NA,NA,NA,NA,NA,NA,NA,NA,NA,NA,NA,NA,NA,NA,NA,NA,NA,NA,NA,NA,NA,NA,NA,NA,NA,NA,NA,NA,NA,NA,NA,NA,NA,NA,NA,NA,NA,NA,NA,NA,NA,NA,NA,NA,NA,NA,NA,NA,NA,NA,NA,NA,NA,NA,NA,NA,NA,NA,NA,NA,NA,NA,NA,NA,NA,NA,NA,NA,NA,NA,NA,NA,NA,NA,NA,"NA",NA,NA,NA,NA,NA,NA,NA,NA,NA,NA,NA,NA,NA,NA,NA,NA,NA,NA,NA,NA,NA,NA,NA,NA,NA,NA,NA
"R_3oUbAlWbCMNq9PT","Default Response Set",2019-03-31 08:29:36,2019-03-31 08:37:25,1,0,1,10,2,"I have no idea","Studied in about half of papers","Studied in about half of papers","Studied in most papers","Mammalia (excluding Human)","Aves",NA,NA,NA,NA,NA,"Chondrichthyes (Sharks and Rays)",NA,NA,NA,"Satellite Tags (e.g. ARGOS, PSAT, PTT, etc.)","Radio tags (VHF or UHF based)","GPS",NA,NA,NA,NA,NA,NA,"R",NA,"ArcGIS",NA,NA,NA,NA,"QGIS",NA,NA,NA,NA,NA,"GLMs and GAMs",NA,NA,NA,"State-space and Hidden Markov models","Spatial point processes",NA,NA,"Less studied","Less studied","More Studied","More Studied",NA,"Satellite Tags (e.g. ARGOS, PSAT, PTT, etc.)","Radio tags (VHF or UHF based)","GPS",NA,NA,NA,NA,NA,NA,NA,NA,NA,NA,"Images (Video and static)","Acoustic telemetry",NA,NA,NA,NA,"R",NA,NA,NA,NA,NA,NA,"QGIS",NA,NA,"Python",NA,NA,NA,NA,NA,NA,NA,NA,"State-space and Hidden Markov models",NA,NA,NA,NA,"Test statistics and p-values",NA,NA,NA,NA,NA,NA,NA,NA,NA,"Technology","Energetics","Technology improvements",1
"R_273iMVHmhvuNDsY","Default Response Set",2019-03-31 22:21:30,2019-03-31 22:32:21,1,0,1,20,15,"Studied in most papers","Studied in a few papers","Studied in about half of papers","Studied in about half of papers","Mammalia (excluding Human)","Aves",NA,NA,NA,NA,"Osteichthyes (Bony-fish)",NA,NA,NA,NA,NA,"Radio tags (VHF or UHF based)","GPS",NA,NA,NA,"Encounter (e.g capture mark recapture, banding, direct observation)",NA,NA,"R",NA,"ArcGIS",NA,NA,NA,NA,"QGIS",NA,NA,NA,NA,NA,"GLMs and GAMs",NA,NA,"Step and resource selection functions","State-space and Hidden Markov models",NA,NA,NA,"Equally studied","More Studied","Equally studied","Equally studied",NA,NA,NA,"GPS",NA,"Acoustic telemetry","Accelerometer",NA,NA,NA,NA,"Satellite Tags (e.g. ARGOS, PSAT, PTT, etc.)","Radio tags (VHF or UHF based)",NA,NA,NA,NA,NA,NA,NA,"R","Python",NA,NA,NA,NA,NA,"QGIS",NA,NA,"Matlab",NA,NA,NA,NA,NA,NA,"Machine learning",NA,"State-space and Hidden Markov models","Spatial point processes",NA,NA,NA,"Test statistics and p-values",NA,NA,NA,NA,NA,NA,NA,NA,NA,"Increased miniaturization.","Smaller devices mean that we can do far more on things like insects and small songbirds than 10 years ago.","Improved conceptualization of the field.",1
"R_eJvtJDYcy8lyy8F","Default Response Set",2019-04-24 09:10:45,2019-04-24 09:12:08,0,0,1,10,5,NA,NA,NA,NA,NA,NA,NA,NA,NA,NA,NA,NA,NA,NA,NA,NA,NA,NA,NA,NA,NA,NA,NA,NA,NA,NA,NA,NA,NA,NA,NA,NA,NA,NA,NA,NA,NA,NA,NA,NA,NA,NA,NA,NA,NA,NA,NA,NA,NA,NA,NA,NA,NA,NA,NA,NA,NA,NA,NA,NA,NA,NA,NA,NA,NA,NA,NA,NA,NA,NA,NA,NA,NA,NA,NA,NA,NA,NA,NA,"NA",NA,NA,NA,NA,NA,NA,NA,NA,NA,NA,NA,NA,NA,NA,NA,NA,NA,NA,NA,NA,NA,NA,NA,NA,NA,NA,NA
